sample_count,real_count,fake_count,predicted_fake_count,accuracy,precision,recall,specificity,f1,auc,threshold,tn,fp,fn,tp,distance_to_0_5
100,50,50,50,0.8,0.8,0.8,0.8,0.8,0.838,0.46299999999999963,40,10,10,40,0.037000000000000366
100,50,50,48,0.8,0.8125,0.78,0.82,0.7959183673469388,0.838,0.46499999999999964,41,9,11,39,0.035000000000000364
100,50,50,48,0.8,0.8125,0.78,0.82,0.7959183673469388,0.838,0.46399999999999963,41,9,11,39,0.036000000000000365
100,50,50,52,0.78,0.7692307692307693,0.8,0.76,0.7843137254901961,0.838,0.46199999999999963,38,12,10,40,0.03800000000000037
100,50,50,45,0.79,0.8222222222222222,0.74,0.84,0.7789473684210526,0.838,0.46799999999999964,42,8,13,37,0.03200000000000036
100,50,50,53,0.77,0.7547169811320755,0.8,0.74,0.7766990291262136,0.838,0.46099999999999963,37,13,10,40,0.03900000000000037
100,50,50,43,0.79,0.8372093023255814,0.72,0.86,0.7741935483870968,0.838,0.46899999999999964,43,7,14,36,0.03100000000000036
100,50,50,46,0.78,0.8043478260869565,0.74,0.82,0.7708333333333334,0.838,0.46699999999999964,41,9,13,37,0.03300000000000036
100,50,50,46,0.78,0.8043478260869565,0.74,0.82,0.7708333333333334,0.838,0.46599999999999964,41,9,13,37,0.03400000000000036
100,50,50,41,0.79,0.8536585365853658,0.7,0.88,0.7692307692307693,0.838,0.47099999999999964,44,6,15,35,0.02900000000000036
100,50,50,54,0.76,0.7407407407407407,0.8,0.72,0.7692307692307693,0.838,0.45999999999999963,36,14,10,40,0.04000000000000037
100,50,50,67,0.73,0.6716417910447762,0.9,0.56,0.7692307692307693,0.838,0.4509999999999996,28,22,5,45,0.04900000000000038
100,50,50,68,0.72,0.6617647058823529,0.9,0.54,0.7627118644067796,0.838,0.4499999999999996,27,23,5,45,0.05000000000000038
100,50,50,42,0.78,0.8333333333333334,0.7,0.86,0.7608695652173914,0.838,0.46999999999999964,43,7,15,35,0.03000000000000036
100,50,50,61,0.73,0.6885245901639344,0.84,0.62,0.7567567567567568,0.838,0.4539999999999996,31,19,8,42,0.046000000000000374
100,50,50,56,0.74,0.7142857142857143,0.8,0.68,0.7547169811320755,0.838,0.45899999999999963,34,16,10,40,0.04100000000000037
100,50,50,56,0.74,0.7142857142857143,0.8,0.68,0.7547169811320755,0.838,0.45799999999999963,34,16,10,40,0.04200000000000037
100,50,50,64,0.72,0.671875,0.86,0.58,0.7543859649122807,0.838,0.4529999999999996,29,21,7,43,0.047000000000000375
100,50,50,70,0.7,0.6428571428571429,0.9,0.5,0.75,0.838,0.4489999999999996,25,25,5,45,0.05100000000000038
100,50,50,65,0.71,0.6615384615384615,0.86,0.56,0.7478260869565218,0.838,0.4519999999999996,28,22,7,43,0.048000000000000376
100,50,50,57,0.73,0.7017543859649122,0.8,0.66,0.7476635514018691,0.838,0.45699999999999963,33,17,10,40,0.04300000000000037
100,50,50,58,0.72,0.6896551724137931,0.8,0.64,0.7407407407407407,0.838,0.45599999999999963,32,18,10,40,0.04400000000000037
100,50,50,58,0.72,0.6896551724137931,0.8,0.64,0.7407407407407407,0.838,0.4549999999999996,32,18,10,40,0.04500000000000037
100,50,50,37,0.77,0.8648648648648649,0.64,0.9,0.735632183908046,0.838,0.47199999999999964,45,5,18,32,0.028000000000000358
100,50,50,73,0.67,0.6164383561643836,0.9,0.44,0.7317073170731707,0.838,0.4479999999999996,22,28,5,45,0.05200000000000038
100,50,50,73,0.67,0.6164383561643836,0.9,0.44,0.7317073170731707,0.838,0.4469999999999996,22,28,5,45,0.05300000000000038
100,50,50,73,0.67,0.6164383561643836,0.9,0.44,0.7317073170731707,0.838,0.4459999999999996,22,28,5,45,0.05400000000000038
100,50,50,73,0.67,0.6164383561643836,0.9,0.44,0.7317073170731707,0.838,0.4449999999999996,22,28,5,45,0.05500000000000038
100,50,50,75,0.65,0.6,0.9,0.4,0.72,0.838,0.4439999999999996,20,30,5,45,0.05600000000000038
100,50,50,34,0.76,0.8823529411764706,0.6,0.92,0.7142857142857143,0.838,0.47299999999999964,46,4,20,30,0.027000000000000357
100,50,50,76,0.64,0.5921052631578947,0.9,0.38,0.7142857142857143,0.838,0.4429999999999996,19,31,5,45,0.057000000000000384
100,50,50,77,0.63,0.5844155844155844,0.9,0.36,0.7086614173228346,0.838,0.4419999999999996,18,32,5,45,0.058000000000000385
100,50,50,80,0.62,0.575,0.92,0.32,0.7076923076923077,0.838,0.43999999999999967,16,34,4,46,0.06000000000000033
100,50,50,83,0.61,0.5662650602409639,0.94,0.28,0.706766917293233,0.838,0.43799999999999967,14,36,3,47,0.06200000000000033
100,50,50,83,0.61,0.5662650602409639,0.94,0.28,0.706766917293233,0.838,0.43699999999999967,14,36,3,47,0.06300000000000033
100,50,50,83,0.61,0.5662650602409639,0.94,0.28,0.706766917293233,0.838,0.43599999999999967,14,36,3,47,0.06400000000000033
100,50,50,78,0.62,0.5769230769230769,0.9,0.34,0.703125,0.838,0.44099999999999967,17,33,5,45,0.05900000000000033
100,50,50,81,0.61,0.5679012345679012,0.92,0.3,0.7022900763358778,0.838,0.43899999999999967,15,35,4,46,0.06100000000000033
100,50,50,84,0.6,0.5595238095238095,0.94,0.26,0.7014925373134329,0.838,0.43499999999999966,13,37,3,47,0.06500000000000034
100,50,50,30,0.76,0.9333333333333333,0.56,0.96,0.7,0.838,0.4779999999999996,48,2,22,28,0.022000000000000408
100,50,50,33,0.75,0.8787878787878788,0.58,0.92,0.6987951807228916,0.838,0.47399999999999964,46,4,21,29,0.026000000000000356
100,50,50,85,0.59,0.5529411764705883,0.94,0.24,0.6962962962962963,0.838,0.43399999999999966,12,38,3,47,0.06600000000000034
100,50,50,31,0.75,0.9032258064516129,0.56,0.94,0.691358024691358,0.838,0.4769999999999996,47,3,22,28,0.02300000000000041
100,50,50,87,0.57,0.5402298850574713,0.94,0.2,0.6861313868613139,0.838,0.43299999999999966,10,40,3,47,0.06700000000000034
100,50,50,93,0.55,0.5268817204301075,0.98,0.12,0.6853146853146853,0.838,0.42599999999999966,6,44,1,49,0.07400000000000034
100,50,50,96,0.54,0.5208333333333334,1.0,0.08,0.684931506849315,0.838,0.42399999999999965,4,46,0,50,0.07600000000000035
100,50,50,96,0.54,0.5208333333333334,1.0,0.08,0.684931506849315,0.838,0.42299999999999965,4,46,0,50,0.07700000000000035
100,50,50,32,0.74,0.875,0.56,0.92,0.6829268292682927,0.838,0.4759999999999996,46,4,22,28,0.02400000000000041
100,50,50,32,0.74,0.875,0.56,0.92,0.6829268292682927,0.838,0.4749999999999996,46,4,22,28,0.02500000000000041
100,50,50,94,0.54,0.5212765957446809,0.98,0.1,0.6805555555555556,0.838,0.42499999999999966,5,45,1,49,0.07500000000000034
100,50,50,97,0.53,0.5154639175257731,1.0,0.06,0.6802721088435374,0.838,0.42199999999999965,3,47,0,50,0.07800000000000035
100,50,50,97,0.53,0.5154639175257731,1.0,0.06,0.6802721088435374,0.838,0.42099999999999965,3,47,0,50,0.07900000000000035
100,50,50,89,0.55,0.5280898876404494,0.94,0.16,0.6762589928057554,0.838,0.43199999999999966,8,42,3,47,0.06800000000000034
100,50,50,92,0.54,0.5217391304347826,0.96,0.12,0.676056338028169,0.838,0.42899999999999966,6,44,2,48,0.07100000000000034
100,50,50,92,0.54,0.5217391304347826,0.96,0.12,0.676056338028169,0.838,0.42799999999999966,6,44,2,48,0.07200000000000034
100,50,50,92,0.54,0.5217391304347826,0.96,0.12,0.676056338028169,0.838,0.42699999999999966,6,44,2,48,0.07300000000000034
100,50,50,98,0.52,0.5102040816326531,1.0,0.04,0.6756756756756757,0.838,0.41999999999999965,2,48,0,50,0.08000000000000035
100,50,50,98,0.52,0.5102040816326531,1.0,0.04,0.6756756756756757,0.838,0.41899999999999965,2,48,0,50,0.08100000000000035
100,50,50,98,0.52,0.5102040816326531,1.0,0.04,0.6756756756756757,0.838,0.41799999999999965,2,48,0,50,0.08200000000000035
100,50,50,98,0.52,0.5102040816326531,1.0,0.04,0.6756756756756757,0.838,0.41699999999999965,2,48,0,50,0.08300000000000035
100,50,50,98,0.52,0.5102040816326531,1.0,0.04,0.6756756756756757,0.838,0.41599999999999965,2,48,0,50,0.08400000000000035
100,50,50,90,0.54,0.5222222222222223,0.94,0.14,0.6714285714285714,0.838,0.43099999999999966,7,43,3,47,0.06900000000000034
100,50,50,99,0.51,0.5050505050505051,1.0,0.02,0.6711409395973155,0.838,0.41499999999999965,1,49,0,50,0.08500000000000035
100,50,50,99,0.51,0.5050505050505051,1.0,0.02,0.6711409395973155,0.838,0.41399999999999965,1,49,0,50,0.08600000000000035
100,50,50,99,0.51,0.5050505050505051,1.0,0.02,0.6711409395973155,0.838,0.41299999999999965,1,49,0,50,0.08700000000000035
100,50,50,99,0.51,0.5050505050505051,1.0,0.02,0.6711409395973155,0.838,0.41199999999999964,1,49,0,50,0.08800000000000036
100,50,50,99,0.51,0.5050505050505051,1.0,0.02,0.6711409395973155,0.838,0.41099999999999964,1,49,0,50,0.08900000000000036
100,50,50,91,0.53,0.5164835164835165,0.94,0.12,0.6666666666666666,0.838,0.42999999999999966,6,44,3,47,0.07000000000000034
100,50,50,100,0.5,0.5,1.0,0.0,0.6666666666666666,0.838,0.4099999999999997,0,50,0,50,0.0900000000000003
100,50,50,100,0.5,0.5,1.0,0.0,0.6666666666666666,0.838,0.4089999999999997,0,50,0,50,0.0910000000000003
100,50,50,100,0.5,0.5,1.0,0.0,0.6666666666666666,0.838,0.4079999999999997,0,50,0,50,0.0920000000000003
100,50,50,100,0.5,0.5,1.0,0.0,0.6666666666666666,0.838,0.4069999999999997,0,50,0,50,0.0930000000000003
100,50,50,100,0.5,0.5,1.0,0.0,0.6666666666666666,0.838,0.4059999999999997,0,50,0,50,0.0940000000000003
100,50,50,100,0.5,0.5,1.0,0.0,0.6666666666666666,0.838,0.4049999999999997,0,50,0,50,0.0950000000000003
100,50,50,100,0.5,0.5,1.0,0.0,0.6666666666666666,0.838,0.4039999999999997,0,50,0,50,0.09600000000000031
100,50,50,100,0.5,0.5,1.0,0.0,0.6666666666666666,0.838,0.4029999999999997,0,50,0,50,0.09700000000000031
100,50,50,100,0.5,0.5,1.0,0.0,0.6666666666666666,0.838,0.4019999999999997,0,50,0,50,0.09800000000000031
100,50,50,100,0.5,0.5,1.0,0.0,0.6666666666666666,0.838,0.4009999999999997,0,50,0,50,0.09900000000000031
100,50,50,100,0.5,0.5,1.0,0.0,0.6666666666666666,0.838,0.3999999999999997,0,50,0,50,0.10000000000000031
100,50,50,100,0.5,0.5,1.0,0.0,0.6666666666666666,0.838,0.3989999999999997,0,50,0,50,0.10100000000000031
100,50,50,100,0.5,0.5,1.0,0.0,0.6666666666666666,0.838,0.3979999999999997,0,50,0,50,0.10200000000000031
100,50,50,100,0.5,0.5,1.0,0.0,0.6666666666666666,0.838,0.3969999999999997,0,50,0,50,0.10300000000000031
100,50,50,100,0.5,0.5,1.0,0.0,0.6666666666666666,0.838,0.3959999999999997,0,50,0,50,0.10400000000000031
100,50,50,100,0.5,0.5,1.0,0.0,0.6666666666666666,0.838,0.3949999999999997,0,50,0,50,0.10500000000000032
100,50,50,100,0.5,0.5,1.0,0.0,0.6666666666666666,0.838,0.3939999999999997,0,50,0,50,0.10600000000000032
100,50,50,100,0.5,0.5,1.0,0.0,0.6666666666666666,0.838,0.3929999999999997,0,50,0,50,0.10700000000000032
100,50,50,100,0.5,0.5,1.0,0.0,0.6666666666666666,0.838,0.3919999999999997,0,50,0,50,0.10800000000000032
100,50,50,100,0.5,0.5,1.0,0.0,0.6666666666666666,0.838,0.3909999999999997,0,50,0,50,0.10900000000000032
100,50,50,100,0.5,0.5,1.0,0.0,0.6666666666666666,0.838,0.3899999999999997,0,50,0,50,0.11000000000000032
100,50,50,100,0.5,0.5,1.0,0.0,0.6666666666666666,0.838,0.3889999999999997,0,50,0,50,0.11100000000000032
100,50,50,100,0.5,0.5,1.0,0.0,0.6666666666666666,0.838,0.3879999999999997,0,50,0,50,0.11200000000000032
100,50,50,100,0.5,0.5,1.0,0.0,0.6666666666666666,0.838,0.3869999999999997,0,50,0,50,0.11300000000000032
100,50,50,100,0.5,0.5,1.0,0.0,0.6666666666666666,0.838,0.3859999999999997,0,50,0,50,0.11400000000000032
100,50,50,100,0.5,0.5,1.0,0.0,0.6666666666666666,0.838,0.3849999999999997,0,50,0,50,0.11500000000000032
100,50,50,100,0.5,0.5,1.0,0.0,0.6666666666666666,0.838,0.3839999999999997,0,50,0,50,0.11600000000000033
100,50,50,100,0.5,0.5,1.0,0.0,0.6666666666666666,0.838,0.3829999999999997,0,50,0,50,0.11700000000000033
100,50,50,100,0.5,0.5,1.0,0.0,0.6666666666666666,0.838,0.3819999999999997,0,50,0,50,0.11800000000000033
100,50,50,100,0.5,0.5,1.0,0.0,0.6666666666666666,0.838,0.3809999999999997,0,50,0,50,0.11900000000000033
100,50,50,100,0.5,0.5,1.0,0.0,0.6666666666666666,0.838,0.37999999999999967,0,50,0,50,0.12000000000000033
100,50,50,100,0.5,0.5,1.0,0.0,0.6666666666666666,0.838,0.37899999999999967,0,50,0,50,0.12100000000000033
100,50,50,100,0.5,0.5,1.0,0.0,0.6666666666666666,0.838,0.37799999999999967,0,50,0,50,0.12200000000000033
100,50,50,100,0.5,0.5,1.0,0.0,0.6666666666666666,0.838,0.3769999999999997,0,50,0,50,0.12300000000000028
100,50,50,100,0.5,0.5,1.0,0.0,0.6666666666666666,0.838,0.3759999999999997,0,50,0,50,0.12400000000000028
100,50,50,100,0.5,0.5,1.0,0.0,0.6666666666666666,0.838,0.3749999999999997,0,50,0,50,0.12500000000000028
100,50,50,100,0.5,0.5,1.0,0.0,0.6666666666666666,0.838,0.3739999999999997,0,50,0,50,0.12600000000000028
100,50,50,100,0.5,0.5,1.0,0.0,0.6666666666666666,0.838,0.3729999999999997,0,50,0,50,0.12700000000000028
100,50,50,100,0.5,0.5,1.0,0.0,0.6666666666666666,0.838,0.3719999999999997,0,50,0,50,0.12800000000000028
100,50,50,100,0.5,0.5,1.0,0.0,0.6666666666666666,0.838,0.3709999999999997,0,50,0,50,0.12900000000000028
100,50,50,100,0.5,0.5,1.0,0.0,0.6666666666666666,0.838,0.3699999999999997,0,50,0,50,0.13000000000000028
100,50,50,100,0.5,0.5,1.0,0.0,0.6666666666666666,0.838,0.3689999999999997,0,50,0,50,0.13100000000000028
100,50,50,100,0.5,0.5,1.0,0.0,0.6666666666666666,0.838,0.3679999999999997,0,50,0,50,0.13200000000000028
100,50,50,100,0.5,0.5,1.0,0.0,0.6666666666666666,0.838,0.3669999999999997,0,50,0,50,0.13300000000000028
100,50,50,100,0.5,0.5,1.0,0.0,0.6666666666666666,0.838,0.3659999999999997,0,50,0,50,0.13400000000000029
100,50,50,100,0.5,0.5,1.0,0.0,0.6666666666666666,0.838,0.3649999999999997,0,50,0,50,0.1350000000000003
100,50,50,100,0.5,0.5,1.0,0.0,0.6666666666666666,0.838,0.3639999999999997,0,50,0,50,0.1360000000000003
100,50,50,100,0.5,0.5,1.0,0.0,0.6666666666666666,0.838,0.3629999999999997,0,50,0,50,0.1370000000000003
100,50,50,100,0.5,0.5,1.0,0.0,0.6666666666666666,0.838,0.3619999999999997,0,50,0,50,0.1380000000000003
100,50,50,100,0.5,0.5,1.0,0.0,0.6666666666666666,0.838,0.3609999999999997,0,50,0,50,0.1390000000000003
100,50,50,100,0.5,0.5,1.0,0.0,0.6666666666666666,0.838,0.3599999999999997,0,50,0,50,0.1400000000000003
100,50,50,100,0.5,0.5,1.0,0.0,0.6666666666666666,0.838,0.3589999999999997,0,50,0,50,0.1410000000000003
100,50,50,100,0.5,0.5,1.0,0.0,0.6666666666666666,0.838,0.3579999999999997,0,50,0,50,0.1420000000000003
100,50,50,100,0.5,0.5,1.0,0.0,0.6666666666666666,0.838,0.3569999999999997,0,50,0,50,0.1430000000000003
100,50,50,100,0.5,0.5,1.0,0.0,0.6666666666666666,0.838,0.3559999999999997,0,50,0,50,0.1440000000000003
100,50,50,100,0.5,0.5,1.0,0.0,0.6666666666666666,0.838,0.3549999999999997,0,50,0,50,0.1450000000000003
100,50,50,100,0.5,0.5,1.0,0.0,0.6666666666666666,0.838,0.3539999999999997,0,50,0,50,0.1460000000000003
100,50,50,100,0.5,0.5,1.0,0.0,0.6666666666666666,0.838,0.3529999999999997,0,50,0,50,0.1470000000000003
100,50,50,100,0.5,0.5,1.0,0.0,0.6666666666666666,0.838,0.3519999999999997,0,50,0,50,0.1480000000000003
100,50,50,100,0.5,0.5,1.0,0.0,0.6666666666666666,0.838,0.3509999999999997,0,50,0,50,0.1490000000000003
100,50,50,100,0.5,0.5,1.0,0.0,0.6666666666666666,0.838,0.3499999999999997,0,50,0,50,0.1500000000000003
100,50,50,100,0.5,0.5,1.0,0.0,0.6666666666666666,0.838,0.3489999999999997,0,50,0,50,0.1510000000000003
100,50,50,100,0.5,0.5,1.0,0.0,0.6666666666666666,0.838,0.3479999999999997,0,50,0,50,0.1520000000000003
100,50,50,100,0.5,0.5,1.0,0.0,0.6666666666666666,0.838,0.3469999999999997,0,50,0,50,0.1530000000000003
100,50,50,100,0.5,0.5,1.0,0.0,0.6666666666666666,0.838,0.34599999999999975,0,50,0,50,0.15400000000000025
100,50,50,100,0.5,0.5,1.0,0.0,0.6666666666666666,0.838,0.34499999999999975,0,50,0,50,0.15500000000000025
100,50,50,100,0.5,0.5,1.0,0.0,0.6666666666666666,0.838,0.34399999999999975,0,50,0,50,0.15600000000000025
100,50,50,100,0.5,0.5,1.0,0.0,0.6666666666666666,0.838,0.34299999999999975,0,50,0,50,0.15700000000000025
100,50,50,100,0.5,0.5,1.0,0.0,0.6666666666666666,0.838,0.34199999999999975,0,50,0,50,0.15800000000000025
100,50,50,100,0.5,0.5,1.0,0.0,0.6666666666666666,0.838,0.34099999999999975,0,50,0,50,0.15900000000000025
100,50,50,100,0.5,0.5,1.0,0.0,0.6666666666666666,0.838,0.33999999999999975,0,50,0,50,0.16000000000000025
100,50,50,100,0.5,0.5,1.0,0.0,0.6666666666666666,0.838,0.33899999999999975,0,50,0,50,0.16100000000000025
100,50,50,100,0.5,0.5,1.0,0.0,0.6666666666666666,0.838,0.33799999999999975,0,50,0,50,0.16200000000000025
100,50,50,100,0.5,0.5,1.0,0.0,0.6666666666666666,0.838,0.33699999999999974,0,50,0,50,0.16300000000000026
100,50,50,100,0.5,0.5,1.0,0.0,0.6666666666666666,0.838,0.33599999999999974,0,50,0,50,0.16400000000000026
100,50,50,100,0.5,0.5,1.0,0.0,0.6666666666666666,0.838,0.33499999999999974,0,50,0,50,0.16500000000000026
100,50,50,100,0.5,0.5,1.0,0.0,0.6666666666666666,0.838,0.33399999999999974,0,50,0,50,0.16600000000000026
100,50,50,100,0.5,0.5,1.0,0.0,0.6666666666666666,0.838,0.33299999999999974,0,50,0,50,0.16700000000000026
100,50,50,100,0.5,0.5,1.0,0.0,0.6666666666666666,0.838,0.33199999999999974,0,50,0,50,0.16800000000000026
100,50,50,100,0.5,0.5,1.0,0.0,0.6666666666666666,0.838,0.33099999999999974,0,50,0,50,0.16900000000000026
100,50,50,100,0.5,0.5,1.0,0.0,0.6666666666666666,0.838,0.32999999999999974,0,50,0,50,0.17000000000000026
100,50,50,100,0.5,0.5,1.0,0.0,0.6666666666666666,0.838,0.32899999999999974,0,50,0,50,0.17100000000000026
100,50,50,100,0.5,0.5,1.0,0.0,0.6666666666666666,0.838,0.32799999999999974,0,50,0,50,0.17200000000000026
100,50,50,100,0.5,0.5,1.0,0.0,0.6666666666666666,0.838,0.32699999999999974,0,50,0,50,0.17300000000000026
100,50,50,100,0.5,0.5,1.0,0.0,0.6666666666666666,0.838,0.32599999999999973,0,50,0,50,0.17400000000000027
100,50,50,100,0.5,0.5,1.0,0.0,0.6666666666666666,0.838,0.32499999999999973,0,50,0,50,0.17500000000000027
100,50,50,100,0.5,0.5,1.0,0.0,0.6666666666666666,0.838,0.32399999999999973,0,50,0,50,0.17600000000000027
100,50,50,100,0.5,0.5,1.0,0.0,0.6666666666666666,0.838,0.32299999999999973,0,50,0,50,0.17700000000000027
100,50,50,100,0.5,0.5,1.0,0.0,0.6666666666666666,0.838,0.32199999999999973,0,50,0,50,0.17800000000000027
100,50,50,100,0.5,0.5,1.0,0.0,0.6666666666666666,0.838,0.32099999999999973,0,50,0,50,0.17900000000000027
100,50,50,100,0.5,0.5,1.0,0.0,0.6666666666666666,0.838,0.31999999999999973,0,50,0,50,0.18000000000000027
100,50,50,100,0.5,0.5,1.0,0.0,0.6666666666666666,0.838,0.31899999999999973,0,50,0,50,0.18100000000000027
100,50,50,100,0.5,0.5,1.0,0.0,0.6666666666666666,0.838,0.3179999999999997,0,50,0,50,0.18200000000000027
100,50,50,100,0.5,0.5,1.0,0.0,0.6666666666666666,0.838,0.3169999999999997,0,50,0,50,0.18300000000000027
100,50,50,100,0.5,0.5,1.0,0.0,0.6666666666666666,0.838,0.3159999999999997,0,50,0,50,0.18400000000000027
100,50,50,100,0.5,0.5,1.0,0.0,0.6666666666666666,0.838,0.3149999999999997,0,50,0,50,0.18500000000000028
100,50,50,100,0.5,0.5,1.0,0.0,0.6666666666666666,0.838,0.3139999999999997,0,50,0,50,0.18600000000000028
100,50,50,100,0.5,0.5,1.0,0.0,0.6666666666666666,0.838,0.3129999999999998,0,50,0,50,0.18700000000000022
100,50,50,100,0.5,0.5,1.0,0.0,0.6666666666666666,0.838,0.3119999999999998,0,50,0,50,0.18800000000000022
100,50,50,100,0.5,0.5,1.0,0.0,0.6666666666666666,0.838,0.3109999999999998,0,50,0,50,0.18900000000000022
100,50,50,100,0.5,0.5,1.0,0.0,0.6666666666666666,0.838,0.3099999999999998,0,50,0,50,0.19000000000000022
100,50,50,100,0.5,0.5,1.0,0.0,0.6666666666666666,0.838,0.3089999999999998,0,50,0,50,0.19100000000000023
100,50,50,100,0.5,0.5,1.0,0.0,0.6666666666666666,0.838,0.3079999999999998,0,50,0,50,0.19200000000000023
100,50,50,100,0.5,0.5,1.0,0.0,0.6666666666666666,0.838,0.3069999999999998,0,50,0,50,0.19300000000000023
100,50,50,100,0.5,0.5,1.0,0.0,0.6666666666666666,0.838,0.30599999999999977,0,50,0,50,0.19400000000000023
100,50,50,100,0.5,0.5,1.0,0.0,0.6666666666666666,0.838,0.30499999999999977,0,50,0,50,0.19500000000000023
100,50,50,100,0.5,0.5,1.0,0.0,0.6666666666666666,0.838,0.30399999999999977,0,50,0,50,0.19600000000000023
100,50,50,100,0.5,0.5,1.0,0.0,0.6666666666666666,0.838,0.30299999999999977,0,50,0,50,0.19700000000000023
100,50,50,100,0.5,0.5,1.0,0.0,0.6666666666666666,0.838,0.30199999999999977,0,50,0,50,0.19800000000000023
100,50,50,100,0.5,0.5,1.0,0.0,0.6666666666666666,0.838,0.30099999999999977,0,50,0,50,0.19900000000000023
100,50,50,100,0.5,0.5,1.0,0.0,0.6666666666666666,0.838,0.29999999999999977,0,50,0,50,0.20000000000000023
100,50,50,100,0.5,0.5,1.0,0.0,0.6666666666666666,0.838,0.29899999999999977,0,50,0,50,0.20100000000000023
100,50,50,100,0.5,0.5,1.0,0.0,0.6666666666666666,0.838,0.29799999999999977,0,50,0,50,0.20200000000000023
100,50,50,100,0.5,0.5,1.0,0.0,0.6666666666666666,0.838,0.29699999999999976,0,50,0,50,0.20300000000000024
100,50,50,100,0.5,0.5,1.0,0.0,0.6666666666666666,0.838,0.29599999999999976,0,50,0,50,0.20400000000000024
100,50,50,100,0.5,0.5,1.0,0.0,0.6666666666666666,0.838,0.29499999999999976,0,50,0,50,0.20500000000000024
100,50,50,100,0.5,0.5,1.0,0.0,0.6666666666666666,0.838,0.29399999999999976,0,50,0,50,0.20600000000000024
100,50,50,100,0.5,0.5,1.0,0.0,0.6666666666666666,0.838,0.29299999999999976,0,50,0,50,0.20700000000000024
100,50,50,100,0.5,0.5,1.0,0.0,0.6666666666666666,0.838,0.29199999999999976,0,50,0,50,0.20800000000000024
100,50,50,100,0.5,0.5,1.0,0.0,0.6666666666666666,0.838,0.29099999999999976,0,50,0,50,0.20900000000000024
100,50,50,100,0.5,0.5,1.0,0.0,0.6666666666666666,0.838,0.28999999999999976,0,50,0,50,0.21000000000000024
100,50,50,100,0.5,0.5,1.0,0.0,0.6666666666666666,0.838,0.28899999999999976,0,50,0,50,0.21100000000000024
100,50,50,100,0.5,0.5,1.0,0.0,0.6666666666666666,0.838,0.28799999999999976,0,50,0,50,0.21200000000000024
100,50,50,100,0.5,0.5,1.0,0.0,0.6666666666666666,0.838,0.28699999999999976,0,50,0,50,0.21300000000000024
100,50,50,100,0.5,0.5,1.0,0.0,0.6666666666666666,0.838,0.28599999999999975,0,50,0,50,0.21400000000000025
100,50,50,100,0.5,0.5,1.0,0.0,0.6666666666666666,0.838,0.28499999999999975,0,50,0,50,0.21500000000000025
100,50,50,100,0.5,0.5,1.0,0.0,0.6666666666666666,0.838,0.28399999999999975,0,50,0,50,0.21600000000000025
100,50,50,100,0.5,0.5,1.0,0.0,0.6666666666666666,0.838,0.28299999999999975,0,50,0,50,0.21700000000000025
100,50,50,100,0.5,0.5,1.0,0.0,0.6666666666666666,0.838,0.2819999999999998,0,50,0,50,0.2180000000000002
100,50,50,100,0.5,0.5,1.0,0.0,0.6666666666666666,0.838,0.2809999999999998,0,50,0,50,0.2190000000000002
100,50,50,100,0.5,0.5,1.0,0.0,0.6666666666666666,0.838,0.2799999999999998,0,50,0,50,0.2200000000000002
100,50,50,100,0.5,0.5,1.0,0.0,0.6666666666666666,0.838,0.2789999999999998,0,50,0,50,0.2210000000000002
100,50,50,100,0.5,0.5,1.0,0.0,0.6666666666666666,0.838,0.2779999999999998,0,50,0,50,0.2220000000000002
100,50,50,100,0.5,0.5,1.0,0.0,0.6666666666666666,0.838,0.2769999999999998,0,50,0,50,0.2230000000000002
100,50,50,100,0.5,0.5,1.0,0.0,0.6666666666666666,0.838,0.2759999999999998,0,50,0,50,0.2240000000000002
100,50,50,100,0.5,0.5,1.0,0.0,0.6666666666666666,0.838,0.2749999999999998,0,50,0,50,0.2250000000000002
100,50,50,100,0.5,0.5,1.0,0.0,0.6666666666666666,0.838,0.2739999999999998,0,50,0,50,0.2260000000000002
100,50,50,100,0.5,0.5,1.0,0.0,0.6666666666666666,0.838,0.2729999999999998,0,50,0,50,0.2270000000000002
100,50,50,100,0.5,0.5,1.0,0.0,0.6666666666666666,0.838,0.2719999999999998,0,50,0,50,0.2280000000000002
100,50,50,100,0.5,0.5,1.0,0.0,0.6666666666666666,0.838,0.2709999999999998,0,50,0,50,0.2290000000000002
100,50,50,100,0.5,0.5,1.0,0.0,0.6666666666666666,0.838,0.2699999999999998,0,50,0,50,0.2300000000000002
100,50,50,100,0.5,0.5,1.0,0.0,0.6666666666666666,0.838,0.2689999999999998,0,50,0,50,0.2310000000000002
100,50,50,100,0.5,0.5,1.0,0.0,0.6666666666666666,0.838,0.2679999999999998,0,50,0,50,0.2320000000000002
100,50,50,100,0.5,0.5,1.0,0.0,0.6666666666666666,0.838,0.2669999999999998,0,50,0,50,0.2330000000000002
100,50,50,100,0.5,0.5,1.0,0.0,0.6666666666666666,0.838,0.2659999999999998,0,50,0,50,0.2340000000000002
100,50,50,100,0.5,0.5,1.0,0.0,0.6666666666666666,0.838,0.2649999999999998,0,50,0,50,0.2350000000000002
100,50,50,100,0.5,0.5,1.0,0.0,0.6666666666666666,0.838,0.2639999999999998,0,50,0,50,0.2360000000000002
100,50,50,100,0.5,0.5,1.0,0.0,0.6666666666666666,0.838,0.2629999999999998,0,50,0,50,0.2370000000000002
100,50,50,100,0.5,0.5,1.0,0.0,0.6666666666666666,0.838,0.2619999999999998,0,50,0,50,0.2380000000000002
100,50,50,100,0.5,0.5,1.0,0.0,0.6666666666666666,0.838,0.2609999999999998,0,50,0,50,0.2390000000000002
100,50,50,100,0.5,0.5,1.0,0.0,0.6666666666666666,0.838,0.2599999999999998,0,50,0,50,0.2400000000000002
100,50,50,100,0.5,0.5,1.0,0.0,0.6666666666666666,0.838,0.2589999999999998,0,50,0,50,0.24100000000000021
100,50,50,100,0.5,0.5,1.0,0.0,0.6666666666666666,0.838,0.2579999999999998,0,50,0,50,0.24200000000000021
100,50,50,100,0.5,0.5,1.0,0.0,0.6666666666666666,0.838,0.2569999999999998,0,50,0,50,0.24300000000000022
100,50,50,100,0.5,0.5,1.0,0.0,0.6666666666666666,0.838,0.2559999999999998,0,50,0,50,0.24400000000000022
100,50,50,100,0.5,0.5,1.0,0.0,0.6666666666666666,0.838,0.2549999999999998,0,50,0,50,0.24500000000000022
100,50,50,100,0.5,0.5,1.0,0.0,0.6666666666666666,0.838,0.2539999999999998,0,50,0,50,0.24600000000000022
100,50,50,100,0.5,0.5,1.0,0.0,0.6666666666666666,0.838,0.2529999999999998,0,50,0,50,0.24700000000000022
100,50,50,100,0.5,0.5,1.0,0.0,0.6666666666666666,0.838,0.2519999999999998,0,50,0,50,0.24800000000000022
100,50,50,100,0.5,0.5,1.0,0.0,0.6666666666666666,0.838,0.2509999999999998,0,50,0,50,0.24900000000000022
100,50,50,100,0.5,0.5,1.0,0.0,0.6666666666666666,0.838,0.2499999999999998,0,50,0,50,0.2500000000000002
100,50,50,100,0.5,0.5,1.0,0.0,0.6666666666666666,0.838,0.2489999999999998,0,50,0,50,0.2510000000000002
100,50,50,100,0.5,0.5,1.0,0.0,0.6666666666666666,0.838,0.2479999999999998,0,50,0,50,0.2520000000000002
100,50,50,100,0.5,0.5,1.0,0.0,0.6666666666666666,0.838,0.2469999999999998,0,50,0,50,0.2530000000000002
100,50,50,100,0.5,0.5,1.0,0.0,0.6666666666666666,0.838,0.2459999999999998,0,50,0,50,0.2540000000000002
100,50,50,100,0.5,0.5,1.0,0.0,0.6666666666666666,0.838,0.2449999999999998,0,50,0,50,0.2550000000000002
100,50,50,100,0.5,0.5,1.0,0.0,0.6666666666666666,0.838,0.2439999999999998,0,50,0,50,0.2560000000000002
100,50,50,100,0.5,0.5,1.0,0.0,0.6666666666666666,0.838,0.2429999999999998,0,50,0,50,0.25700000000000023
100,50,50,100,0.5,0.5,1.0,0.0,0.6666666666666666,0.838,0.24199999999999983,0,50,0,50,0.2580000000000002
100,50,50,100,0.5,0.5,1.0,0.0,0.6666666666666666,0.838,0.24099999999999983,0,50,0,50,0.2590000000000002
100,50,50,100,0.5,0.5,1.0,0.0,0.6666666666666666,0.838,0.23999999999999982,0,50,0,50,0.2600000000000002
100,50,50,100,0.5,0.5,1.0,0.0,0.6666666666666666,0.838,0.23899999999999982,0,50,0,50,0.2610000000000002
100,50,50,100,0.5,0.5,1.0,0.0,0.6666666666666666,0.838,0.23799999999999982,0,50,0,50,0.2620000000000002
100,50,50,100,0.5,0.5,1.0,0.0,0.6666666666666666,0.838,0.23699999999999982,0,50,0,50,0.2630000000000002
100,50,50,100,0.5,0.5,1.0,0.0,0.6666666666666666,0.838,0.23599999999999982,0,50,0,50,0.2640000000000002
100,50,50,100,0.5,0.5,1.0,0.0,0.6666666666666666,0.838,0.23499999999999982,0,50,0,50,0.2650000000000002
100,50,50,100,0.5,0.5,1.0,0.0,0.6666666666666666,0.838,0.23399999999999982,0,50,0,50,0.2660000000000002
100,50,50,100,0.5,0.5,1.0,0.0,0.6666666666666666,0.838,0.23299999999999982,0,50,0,50,0.2670000000000002
100,50,50,100,0.5,0.5,1.0,0.0,0.6666666666666666,0.838,0.23199999999999982,0,50,0,50,0.2680000000000002
100,50,50,100,0.5,0.5,1.0,0.0,0.6666666666666666,0.838,0.23099999999999982,0,50,0,50,0.2690000000000002
100,50,50,100,0.5,0.5,1.0,0.0,0.6666666666666666,0.838,0.22999999999999982,0,50,0,50,0.2700000000000002
100,50,50,100,0.5,0.5,1.0,0.0,0.6666666666666666,0.838,0.22899999999999981,0,50,0,50,0.2710000000000002
100,50,50,100,0.5,0.5,1.0,0.0,0.6666666666666666,0.838,0.22799999999999981,0,50,0,50,0.2720000000000002
100,50,50,100,0.5,0.5,1.0,0.0,0.6666666666666666,0.838,0.2269999999999998,0,50,0,50,0.2730000000000002
100,50,50,100,0.5,0.5,1.0,0.0,0.6666666666666666,0.838,0.2259999999999998,0,50,0,50,0.2740000000000002
100,50,50,100,0.5,0.5,1.0,0.0,0.6666666666666666,0.838,0.22499999999999984,0,50,0,50,0.27500000000000013
100,50,50,100,0.5,0.5,1.0,0.0,0.6666666666666666,0.838,0.22399999999999984,0,50,0,50,0.27600000000000013
100,50,50,100,0.5,0.5,1.0,0.0,0.6666666666666666,0.838,0.22299999999999984,0,50,0,50,0.27700000000000014
100,50,50,100,0.5,0.5,1.0,0.0,0.6666666666666666,0.838,0.22199999999999984,0,50,0,50,0.27800000000000014
100,50,50,100,0.5,0.5,1.0,0.0,0.6666666666666666,0.838,0.22099999999999984,0,50,0,50,0.27900000000000014
100,50,50,100,0.5,0.5,1.0,0.0,0.6666666666666666,0.838,0.21999999999999983,0,50,0,50,0.28000000000000014
100,50,50,100,0.5,0.5,1.0,0.0,0.6666666666666666,0.838,0.21899999999999983,0,50,0,50,0.28100000000000014
100,50,50,100,0.5,0.5,1.0,0.0,0.6666666666666666,0.838,0.21799999999999983,0,50,0,50,0.28200000000000014
100,50,50,100,0.5,0.5,1.0,0.0,0.6666666666666666,0.838,0.21699999999999983,0,50,0,50,0.28300000000000014
100,50,50,100,0.5,0.5,1.0,0.0,0.6666666666666666,0.838,0.21599999999999983,0,50,0,50,0.28400000000000014
100,50,50,100,0.5,0.5,1.0,0.0,0.6666666666666666,0.838,0.21499999999999983,0,50,0,50,0.28500000000000014
100,50,50,100,0.5,0.5,1.0,0.0,0.6666666666666666,0.838,0.21399999999999983,0,50,0,50,0.28600000000000014
100,50,50,100,0.5,0.5,1.0,0.0,0.6666666666666666,0.838,0.21299999999999983,0,50,0,50,0.28700000000000014
100,50,50,100,0.5,0.5,1.0,0.0,0.6666666666666666,0.838,0.21199999999999983,0,50,0,50,0.28800000000000014
100,50,50,100,0.5,0.5,1.0,0.0,0.6666666666666666,0.838,0.21099999999999983,0,50,0,50,0.28900000000000015
100,50,50,100,0.5,0.5,1.0,0.0,0.6666666666666666,0.838,0.20999999999999985,0,50,0,50,0.29000000000000015
100,50,50,100,0.5,0.5,1.0,0.0,0.6666666666666666,0.838,0.20899999999999985,0,50,0,50,0.29100000000000015
100,50,50,100,0.5,0.5,1.0,0.0,0.6666666666666666,0.838,0.20799999999999985,0,50,0,50,0.29200000000000015
100,50,50,100,0.5,0.5,1.0,0.0,0.6666666666666666,0.838,0.20699999999999985,0,50,0,50,0.29300000000000015
100,50,50,100,0.5,0.5,1.0,0.0,0.6666666666666666,0.838,0.20599999999999985,0,50,0,50,0.29400000000000015
100,50,50,100,0.5,0.5,1.0,0.0,0.6666666666666666,0.838,0.20499999999999985,0,50,0,50,0.29500000000000015
100,50,50,100,0.5,0.5,1.0,0.0,0.6666666666666666,0.838,0.20399999999999985,0,50,0,50,0.29600000000000015
100,50,50,100,0.5,0.5,1.0,0.0,0.6666666666666666,0.838,0.20299999999999985,0,50,0,50,0.29700000000000015
100,50,50,100,0.5,0.5,1.0,0.0,0.6666666666666666,0.838,0.20199999999999985,0,50,0,50,0.29800000000000015
100,50,50,100,0.5,0.5,1.0,0.0,0.6666666666666666,0.838,0.20099999999999985,0,50,0,50,0.29900000000000015
100,50,50,100,0.5,0.5,1.0,0.0,0.6666666666666666,0.838,0.19999999999999984,0,50,0,50,0.30000000000000016
100,50,50,100,0.5,0.5,1.0,0.0,0.6666666666666666,0.838,0.19899999999999984,0,50,0,50,0.30100000000000016
100,50,50,100,0.5,0.5,1.0,0.0,0.6666666666666666,0.838,0.19799999999999984,0,50,0,50,0.30200000000000016
100,50,50,100,0.5,0.5,1.0,0.0,0.6666666666666666,0.838,0.19699999999999984,0,50,0,50,0.30300000000000016
100,50,50,100,0.5,0.5,1.0,0.0,0.6666666666666666,0.838,0.19599999999999984,0,50,0,50,0.30400000000000016
100,50,50,100,0.5,0.5,1.0,0.0,0.6666666666666666,0.838,0.19499999999999984,0,50,0,50,0.30500000000000016
100,50,50,100,0.5,0.5,1.0,0.0,0.6666666666666666,0.838,0.19399999999999984,0,50,0,50,0.30600000000000016
100,50,50,100,0.5,0.5,1.0,0.0,0.6666666666666666,0.838,0.19299999999999987,0,50,0,50,0.30700000000000016
100,50,50,100,0.5,0.5,1.0,0.0,0.6666666666666666,0.838,0.19199999999999987,0,50,0,50,0.30800000000000016
100,50,50,100,0.5,0.5,1.0,0.0,0.6666666666666666,0.838,0.19099999999999986,0,50,0,50,0.30900000000000016
100,50,50,100,0.5,0.5,1.0,0.0,0.6666666666666666,0.838,0.18999999999999986,0,50,0,50,0.31000000000000016
100,50,50,100,0.5,0.5,1.0,0.0,0.6666666666666666,0.838,0.18899999999999986,0,50,0,50,0.31100000000000017
100,50,50,100,0.5,0.5,1.0,0.0,0.6666666666666666,0.838,0.18799999999999986,0,50,0,50,0.31200000000000017
100,50,50,100,0.5,0.5,1.0,0.0,0.6666666666666666,0.838,0.18699999999999986,0,50,0,50,0.31300000000000017
100,50,50,100,0.5,0.5,1.0,0.0,0.6666666666666666,0.838,0.18599999999999986,0,50,0,50,0.31400000000000017
100,50,50,100,0.5,0.5,1.0,0.0,0.6666666666666666,0.838,0.18499999999999986,0,50,0,50,0.31500000000000017
100,50,50,100,0.5,0.5,1.0,0.0,0.6666666666666666,0.838,0.18399999999999986,0,50,0,50,0.31600000000000017
100,50,50,100,0.5,0.5,1.0,0.0,0.6666666666666666,0.838,0.18299999999999986,0,50,0,50,0.31700000000000017
100,50,50,100,0.5,0.5,1.0,0.0,0.6666666666666666,0.838,0.18199999999999986,0,50,0,50,0.31800000000000017
100,50,50,100,0.5,0.5,1.0,0.0,0.6666666666666666,0.838,0.18099999999999986,0,50,0,50,0.3190000000000002
100,50,50,100,0.5,0.5,1.0,0.0,0.6666666666666666,0.838,0.17999999999999985,0,50,0,50,0.3200000000000002
100,50,50,100,0.5,0.5,1.0,0.0,0.6666666666666666,0.838,0.17899999999999985,0,50,0,50,0.3210000000000002
100,50,50,100,0.5,0.5,1.0,0.0,0.6666666666666666,0.838,0.17799999999999988,0,50,0,50,0.3220000000000001
100,50,50,100,0.5,0.5,1.0,0.0,0.6666666666666666,0.838,0.17699999999999988,0,50,0,50,0.3230000000000001
100,50,50,100,0.5,0.5,1.0,0.0,0.6666666666666666,0.838,0.17599999999999988,0,50,0,50,0.3240000000000001
100,50,50,100,0.5,0.5,1.0,0.0,0.6666666666666666,0.838,0.17499999999999988,0,50,0,50,0.3250000000000001
100,50,50,100,0.5,0.5,1.0,0.0,0.6666666666666666,0.838,0.17399999999999988,0,50,0,50,0.3260000000000001
100,50,50,100,0.5,0.5,1.0,0.0,0.6666666666666666,0.838,0.17299999999999988,0,50,0,50,0.3270000000000001
100,50,50,100,0.5,0.5,1.0,0.0,0.6666666666666666,0.838,0.17199999999999988,0,50,0,50,0.3280000000000001
100,50,50,100,0.5,0.5,1.0,0.0,0.6666666666666666,0.838,0.17099999999999987,0,50,0,50,0.3290000000000001
100,50,50,100,0.5,0.5,1.0,0.0,0.6666666666666666,0.838,0.16999999999999987,0,50,0,50,0.3300000000000001
100,50,50,100,0.5,0.5,1.0,0.0,0.6666666666666666,0.838,0.16899999999999987,0,50,0,50,0.3310000000000001
100,50,50,100,0.5,0.5,1.0,0.0,0.6666666666666666,0.838,0.16799999999999987,0,50,0,50,0.33200000000000013
100,50,50,100,0.5,0.5,1.0,0.0,0.6666666666666666,0.838,0.16699999999999987,0,50,0,50,0.33300000000000013
100,50,50,100,0.5,0.5,1.0,0.0,0.6666666666666666,0.838,0.16599999999999987,0,50,0,50,0.33400000000000013
100,50,50,100,0.5,0.5,1.0,0.0,0.6666666666666666,0.838,0.16499999999999987,0,50,0,50,0.33500000000000013
100,50,50,100,0.5,0.5,1.0,0.0,0.6666666666666666,0.838,0.16399999999999987,0,50,0,50,0.33600000000000013
100,50,50,100,0.5,0.5,1.0,0.0,0.6666666666666666,0.838,0.16299999999999987,0,50,0,50,0.33700000000000013
100,50,50,100,0.5,0.5,1.0,0.0,0.6666666666666666,0.838,0.16199999999999987,0,50,0,50,0.33800000000000013
100,50,50,100,0.5,0.5,1.0,0.0,0.6666666666666666,0.838,0.1609999999999999,0,50,0,50,0.3390000000000001
100,50,50,100,0.5,0.5,1.0,0.0,0.6666666666666666,0.838,0.1599999999999999,0,50,0,50,0.3400000000000001
100,50,50,100,0.5,0.5,1.0,0.0,0.6666666666666666,0.838,0.1589999999999999,0,50,0,50,0.3410000000000001
100,50,50,100,0.5,0.5,1.0,0.0,0.6666666666666666,0.838,0.1579999999999999,0,50,0,50,0.3420000000000001
100,50,50,100,0.5,0.5,1.0,0.0,0.6666666666666666,0.838,0.1569999999999999,0,50,0,50,0.3430000000000001
100,50,50,100,0.5,0.5,1.0,0.0,0.6666666666666666,0.838,0.1559999999999999,0,50,0,50,0.3440000000000001
100,50,50,100,0.5,0.5,1.0,0.0,0.6666666666666666,0.838,0.1549999999999999,0,50,0,50,0.3450000000000001
100,50,50,100,0.5,0.5,1.0,0.0,0.6666666666666666,0.838,0.1539999999999999,0,50,0,50,0.3460000000000001
100,50,50,100,0.5,0.5,1.0,0.0,0.6666666666666666,0.838,0.15299999999999989,0,50,0,50,0.3470000000000001
100,50,50,100,0.5,0.5,1.0,0.0,0.6666666666666666,0.838,0.15199999999999989,0,50,0,50,0.3480000000000001
100,50,50,100,0.5,0.5,1.0,0.0,0.6666666666666666,0.838,0.15099999999999988,0,50,0,50,0.3490000000000001
100,50,50,100,0.5,0.5,1.0,0.0,0.6666666666666666,0.838,0.14999999999999988,0,50,0,50,0.3500000000000001
100,50,50,100,0.5,0.5,1.0,0.0,0.6666666666666666,0.838,0.14899999999999988,0,50,0,50,0.3510000000000001
100,50,50,100,0.5,0.5,1.0,0.0,0.6666666666666666,0.838,0.14799999999999988,0,50,0,50,0.3520000000000001
100,50,50,100,0.5,0.5,1.0,0.0,0.6666666666666666,0.838,0.14699999999999988,0,50,0,50,0.3530000000000001
100,50,50,100,0.5,0.5,1.0,0.0,0.6666666666666666,0.838,0.1459999999999999,0,50,0,50,0.3540000000000001
100,50,50,100,0.5,0.5,1.0,0.0,0.6666666666666666,0.838,0.1449999999999999,0,50,0,50,0.3550000000000001
100,50,50,100,0.5,0.5,1.0,0.0,0.6666666666666666,0.838,0.1439999999999999,0,50,0,50,0.3560000000000001
100,50,50,100,0.5,0.5,1.0,0.0,0.6666666666666666,0.838,0.1429999999999999,0,50,0,50,0.3570000000000001
100,50,50,100,0.5,0.5,1.0,0.0,0.6666666666666666,0.838,0.1419999999999999,0,50,0,50,0.3580000000000001
100,50,50,100,0.5,0.5,1.0,0.0,0.6666666666666666,0.838,0.1409999999999999,0,50,0,50,0.3590000000000001
100,50,50,100,0.5,0.5,1.0,0.0,0.6666666666666666,0.838,0.1399999999999999,0,50,0,50,0.3600000000000001
100,50,50,100,0.5,0.5,1.0,0.0,0.6666666666666666,0.838,0.1389999999999999,0,50,0,50,0.3610000000000001
100,50,50,100,0.5,0.5,1.0,0.0,0.6666666666666666,0.838,0.1379999999999999,0,50,0,50,0.3620000000000001
100,50,50,100,0.5,0.5,1.0,0.0,0.6666666666666666,0.838,0.1369999999999999,0,50,0,50,0.3630000000000001
100,50,50,100,0.5,0.5,1.0,0.0,0.6666666666666666,0.838,0.1359999999999999,0,50,0,50,0.3640000000000001
100,50,50,100,0.5,0.5,1.0,0.0,0.6666666666666666,0.838,0.1349999999999999,0,50,0,50,0.3650000000000001
100,50,50,100,0.5,0.5,1.0,0.0,0.6666666666666666,0.838,0.1339999999999999,0,50,0,50,0.3660000000000001
100,50,50,100,0.5,0.5,1.0,0.0,0.6666666666666666,0.838,0.1329999999999999,0,50,0,50,0.3670000000000001
100,50,50,100,0.5,0.5,1.0,0.0,0.6666666666666666,0.838,0.1319999999999999,0,50,0,50,0.3680000000000001
100,50,50,100,0.5,0.5,1.0,0.0,0.6666666666666666,0.838,0.1309999999999999,0,50,0,50,0.3690000000000001
100,50,50,100,0.5,0.5,1.0,0.0,0.6666666666666666,0.838,0.1299999999999999,0,50,0,50,0.3700000000000001
100,50,50,100,0.5,0.5,1.0,0.0,0.6666666666666666,0.838,0.1289999999999999,0,50,0,50,0.3710000000000001
100,50,50,100,0.5,0.5,1.0,0.0,0.6666666666666666,0.838,0.1279999999999999,0,50,0,50,0.3720000000000001
100,50,50,100,0.5,0.5,1.0,0.0,0.6666666666666666,0.838,0.1269999999999999,0,50,0,50,0.3730000000000001
100,50,50,100,0.5,0.5,1.0,0.0,0.6666666666666666,0.838,0.12599999999999992,0,50,0,50,0.3740000000000001
100,50,50,100,0.5,0.5,1.0,0.0,0.6666666666666666,0.838,0.1249999999999999,0,50,0,50,0.3750000000000001
100,50,50,100,0.5,0.5,1.0,0.0,0.6666666666666666,0.838,0.1239999999999999,0,50,0,50,0.3760000000000001
100,50,50,100,0.5,0.5,1.0,0.0,0.6666666666666666,0.838,0.1229999999999999,0,50,0,50,0.3770000000000001
100,50,50,100,0.5,0.5,1.0,0.0,0.6666666666666666,0.838,0.1219999999999999,0,50,0,50,0.3780000000000001
100,50,50,100,0.5,0.5,1.0,0.0,0.6666666666666666,0.838,0.1209999999999999,0,50,0,50,0.3790000000000001
100,50,50,100,0.5,0.5,1.0,0.0,0.6666666666666666,0.838,0.1199999999999999,0,50,0,50,0.3800000000000001
100,50,50,100,0.5,0.5,1.0,0.0,0.6666666666666666,0.838,0.1189999999999999,0,50,0,50,0.3810000000000001
100,50,50,100,0.5,0.5,1.0,0.0,0.6666666666666666,0.838,0.1179999999999999,0,50,0,50,0.3820000000000001
100,50,50,100,0.5,0.5,1.0,0.0,0.6666666666666666,0.838,0.11699999999999991,0,50,0,50,0.3830000000000001
100,50,50,100,0.5,0.5,1.0,0.0,0.6666666666666666,0.838,0.11599999999999991,0,50,0,50,0.3840000000000001
100,50,50,100,0.5,0.5,1.0,0.0,0.6666666666666666,0.838,0.11499999999999991,0,50,0,50,0.3850000000000001
100,50,50,100,0.5,0.5,1.0,0.0,0.6666666666666666,0.838,0.11399999999999991,0,50,0,50,0.3860000000000001
100,50,50,100,0.5,0.5,1.0,0.0,0.6666666666666666,0.838,0.1129999999999999,0,50,0,50,0.3870000000000001
100,50,50,100,0.5,0.5,1.0,0.0,0.6666666666666666,0.838,0.1119999999999999,0,50,0,50,0.3880000000000001
100,50,50,100,0.5,0.5,1.0,0.0,0.6666666666666666,0.838,0.1109999999999999,0,50,0,50,0.3890000000000001
100,50,50,100,0.5,0.5,1.0,0.0,0.6666666666666666,0.838,0.10999999999999992,0,50,0,50,0.39000000000000007
100,50,50,100,0.5,0.5,1.0,0.0,0.6666666666666666,0.838,0.10899999999999992,0,50,0,50,0.39100000000000007
100,50,50,100,0.5,0.5,1.0,0.0,0.6666666666666666,0.838,0.10799999999999992,0,50,0,50,0.39200000000000007
100,50,50,100,0.5,0.5,1.0,0.0,0.6666666666666666,0.838,0.10699999999999991,0,50,0,50,0.39300000000000007
100,50,50,100,0.5,0.5,1.0,0.0,0.6666666666666666,0.838,0.10599999999999991,0,50,0,50,0.3940000000000001
100,50,50,100,0.5,0.5,1.0,0.0,0.6666666666666666,0.838,0.10499999999999991,0,50,0,50,0.3950000000000001
100,50,50,100,0.5,0.5,1.0,0.0,0.6666666666666666,0.838,0.10399999999999991,0,50,0,50,0.3960000000000001
100,50,50,100,0.5,0.5,1.0,0.0,0.6666666666666666,0.838,0.10299999999999991,0,50,0,50,0.3970000000000001
100,50,50,100,0.5,0.5,1.0,0.0,0.6666666666666666,0.838,0.10199999999999991,0,50,0,50,0.3980000000000001
100,50,50,100,0.5,0.5,1.0,0.0,0.6666666666666666,0.838,0.10099999999999992,0,50,0,50,0.3990000000000001
100,50,50,100,0.5,0.5,1.0,0.0,0.6666666666666666,0.838,0.09999999999999992,0,50,0,50,0.4000000000000001
100,50,50,100,0.5,0.5,1.0,0.0,0.6666666666666666,0.838,0.09899999999999992,0,50,0,50,0.4010000000000001
100,50,50,100,0.5,0.5,1.0,0.0,0.6666666666666666,0.838,0.09799999999999992,0,50,0,50,0.4020000000000001
100,50,50,100,0.5,0.5,1.0,0.0,0.6666666666666666,0.838,0.09699999999999992,0,50,0,50,0.4030000000000001
100,50,50,100,0.5,0.5,1.0,0.0,0.6666666666666666,0.838,0.09599999999999992,0,50,0,50,0.4040000000000001
100,50,50,100,0.5,0.5,1.0,0.0,0.6666666666666666,0.838,0.09499999999999992,0,50,0,50,0.4050000000000001
100,50,50,100,0.5,0.5,1.0,0.0,0.6666666666666666,0.838,0.09399999999999993,0,50,0,50,0.4060000000000001
100,50,50,100,0.5,0.5,1.0,0.0,0.6666666666666666,0.838,0.09299999999999993,0,50,0,50,0.4070000000000001
100,50,50,100,0.5,0.5,1.0,0.0,0.6666666666666666,0.838,0.09199999999999993,0,50,0,50,0.4080000000000001
100,50,50,100,0.5,0.5,1.0,0.0,0.6666666666666666,0.838,0.09099999999999993,0,50,0,50,0.4090000000000001
100,50,50,100,0.5,0.5,1.0,0.0,0.6666666666666666,0.838,0.08999999999999993,0,50,0,50,0.4100000000000001
100,50,50,100,0.5,0.5,1.0,0.0,0.6666666666666666,0.838,0.08899999999999993,0,50,0,50,0.4110000000000001
100,50,50,100,0.5,0.5,1.0,0.0,0.6666666666666666,0.838,0.08799999999999993,0,50,0,50,0.4120000000000001
100,50,50,100,0.5,0.5,1.0,0.0,0.6666666666666666,0.838,0.08699999999999992,0,50,0,50,0.4130000000000001
100,50,50,100,0.5,0.5,1.0,0.0,0.6666666666666666,0.838,0.08599999999999992,0,50,0,50,0.4140000000000001
100,50,50,100,0.5,0.5,1.0,0.0,0.6666666666666666,0.838,0.08499999999999994,0,50,0,50,0.41500000000000004
100,50,50,100,0.5,0.5,1.0,0.0,0.6666666666666666,0.838,0.08399999999999994,0,50,0,50,0.41600000000000004
100,50,50,100,0.5,0.5,1.0,0.0,0.6666666666666666,0.838,0.08299999999999993,0,50,0,50,0.41700000000000004
100,50,50,100,0.5,0.5,1.0,0.0,0.6666666666666666,0.838,0.08199999999999993,0,50,0,50,0.41800000000000004
100,50,50,100,0.5,0.5,1.0,0.0,0.6666666666666666,0.838,0.08099999999999993,0,50,0,50,0.41900000000000004
100,50,50,100,0.5,0.5,1.0,0.0,0.6666666666666666,0.838,0.07999999999999993,0,50,0,50,0.42000000000000004
100,50,50,100,0.5,0.5,1.0,0.0,0.6666666666666666,0.838,0.07899999999999993,0,50,0,50,0.42100000000000004
100,50,50,100,0.5,0.5,1.0,0.0,0.6666666666666666,0.838,0.07799999999999994,0,50,0,50,0.42200000000000004
100,50,50,100,0.5,0.5,1.0,0.0,0.6666666666666666,0.838,0.07699999999999994,0,50,0,50,0.42300000000000004
100,50,50,100,0.5,0.5,1.0,0.0,0.6666666666666666,0.838,0.07599999999999994,0,50,0,50,0.42400000000000004
100,50,50,100,0.5,0.5,1.0,0.0,0.6666666666666666,0.838,0.07499999999999994,0,50,0,50,0.42500000000000004
100,50,50,100,0.5,0.5,1.0,0.0,0.6666666666666666,0.838,0.07399999999999994,0,50,0,50,0.42600000000000005
100,50,50,100,0.5,0.5,1.0,0.0,0.6666666666666666,0.838,0.07299999999999994,0,50,0,50,0.42700000000000005
100,50,50,100,0.5,0.5,1.0,0.0,0.6666666666666666,0.838,0.07199999999999994,0,50,0,50,0.42800000000000005
100,50,50,100,0.5,0.5,1.0,0.0,0.6666666666666666,0.838,0.07099999999999995,0,50,0,50,0.42900000000000005
100,50,50,100,0.5,0.5,1.0,0.0,0.6666666666666666,0.838,0.06999999999999995,0,50,0,50,0.43000000000000005
100,50,50,100,0.5,0.5,1.0,0.0,0.6666666666666666,0.838,0.06899999999999995,0,50,0,50,0.43100000000000005
100,50,50,100,0.5,0.5,1.0,0.0,0.6666666666666666,0.838,0.06799999999999995,0,50,0,50,0.43200000000000005
100,50,50,100,0.5,0.5,1.0,0.0,0.6666666666666666,0.838,0.06699999999999995,0,50,0,50,0.43300000000000005
100,50,50,100,0.5,0.5,1.0,0.0,0.6666666666666666,0.838,0.06599999999999995,0,50,0,50,0.43400000000000005
100,50,50,100,0.5,0.5,1.0,0.0,0.6666666666666666,0.838,0.06499999999999995,0,50,0,50,0.43500000000000005
100,50,50,100,0.5,0.5,1.0,0.0,0.6666666666666666,0.838,0.06399999999999995,0,50,0,50,0.43600000000000005
100,50,50,100,0.5,0.5,1.0,0.0,0.6666666666666666,0.838,0.06299999999999996,0,50,0,50,0.43700000000000006
100,50,50,100,0.5,0.5,1.0,0.0,0.6666666666666666,0.838,0.06199999999999996,0,50,0,50,0.43800000000000006
100,50,50,100,0.5,0.5,1.0,0.0,0.6666666666666666,0.838,0.06099999999999996,0,50,0,50,0.43900000000000006
100,50,50,100,0.5,0.5,1.0,0.0,0.6666666666666666,0.838,0.05999999999999996,0,50,0,50,0.44000000000000006
100,50,50,100,0.5,0.5,1.0,0.0,0.6666666666666666,0.838,0.05899999999999996,0,50,0,50,0.44100000000000006
100,50,50,100,0.5,0.5,1.0,0.0,0.6666666666666666,0.838,0.05799999999999996,0,50,0,50,0.44200000000000006
100,50,50,100,0.5,0.5,1.0,0.0,0.6666666666666666,0.838,0.05699999999999996,0,50,0,50,0.44300000000000006
100,50,50,100,0.5,0.5,1.0,0.0,0.6666666666666666,0.838,0.05599999999999996,0,50,0,50,0.44400000000000006
100,50,50,100,0.5,0.5,1.0,0.0,0.6666666666666666,0.838,0.054999999999999966,0,50,0,50,0.44500000000000006
100,50,50,100,0.5,0.5,1.0,0.0,0.6666666666666666,0.838,0.053999999999999965,0,50,0,50,0.44600000000000006
100,50,50,100,0.5,0.5,1.0,0.0,0.6666666666666666,0.838,0.052999999999999964,0,50,0,50,0.44700000000000006
100,50,50,100,0.5,0.5,1.0,0.0,0.6666666666666666,0.838,0.05199999999999997,0,50,0,50,0.448
100,50,50,100,0.5,0.5,1.0,0.0,0.6666666666666666,0.838,0.05099999999999997,0,50,0,50,0.449
100,50,50,100,0.5,0.5,1.0,0.0,0.6666666666666666,0.838,0.04999999999999997,0,50,0,50,0.45
100,50,50,100,0.5,0.5,1.0,0.0,0.6666666666666666,0.838,0.04899999999999997,0,50,0,50,0.451
100,50,50,100,0.5,0.5,1.0,0.0,0.6666666666666666,0.838,0.047999999999999966,0,50,0,50,0.452
100,50,50,100,0.5,0.5,1.0,0.0,0.6666666666666666,0.838,0.04699999999999997,0,50,0,50,0.453
100,50,50,100,0.5,0.5,1.0,0.0,0.6666666666666666,0.838,0.04599999999999997,0,50,0,50,0.454
100,50,50,100,0.5,0.5,1.0,0.0,0.6666666666666666,0.838,0.04499999999999997,0,50,0,50,0.455
100,50,50,100,0.5,0.5,1.0,0.0,0.6666666666666666,0.838,0.04399999999999998,0,50,0,50,0.456
100,50,50,100,0.5,0.5,1.0,0.0,0.6666666666666666,0.838,0.042999999999999976,0,50,0,50,0.457
100,50,50,100,0.5,0.5,1.0,0.0,0.6666666666666666,0.838,0.041999999999999975,0,50,0,50,0.458
100,50,50,100,0.5,0.5,1.0,0.0,0.6666666666666666,0.838,0.040999999999999974,0,50,0,50,0.459
100,50,50,100,0.5,0.5,1.0,0.0,0.6666666666666666,0.838,0.03999999999999997,0,50,0,50,0.46
100,50,50,100,0.5,0.5,1.0,0.0,0.6666666666666666,0.838,0.03899999999999998,0,50,0,50,0.461
100,50,50,100,0.5,0.5,1.0,0.0,0.6666666666666666,0.838,0.03799999999999998,0,50,0,50,0.462
100,50,50,100,0.5,0.5,1.0,0.0,0.6666666666666666,0.838,0.03699999999999998,0,50,0,50,0.463
100,50,50,100,0.5,0.5,1.0,0.0,0.6666666666666666,0.838,0.035999999999999976,0,50,0,50,0.464
100,50,50,100,0.5,0.5,1.0,0.0,0.6666666666666666,0.838,0.03499999999999998,0,50,0,50,0.465
100,50,50,100,0.5,0.5,1.0,0.0,0.6666666666666666,0.838,0.03399999999999998,0,50,0,50,0.466
100,50,50,100,0.5,0.5,1.0,0.0,0.6666666666666666,0.838,0.03299999999999998,0,50,0,50,0.467
100,50,50,100,0.5,0.5,1.0,0.0,0.6666666666666666,0.838,0.03199999999999998,0,50,0,50,0.468
100,50,50,100,0.5,0.5,1.0,0.0,0.6666666666666666,0.838,0.030999999999999986,0,50,0,50,0.46900000000000003
100,50,50,100,0.5,0.5,1.0,0.0,0.6666666666666666,0.838,0.029999999999999985,0,50,0,50,0.47000000000000003
100,50,50,100,0.5,0.5,1.0,0.0,0.6666666666666666,0.838,0.028999999999999984,0,50,0,50,0.47100000000000003
100,50,50,100,0.5,0.5,1.0,0.0,0.6666666666666666,0.838,0.027999999999999983,0,50,0,50,0.47200000000000003
100,50,50,100,0.5,0.5,1.0,0.0,0.6666666666666666,0.838,0.02699999999999999,0,50,0,50,0.47300000000000003
100,50,50,100,0.5,0.5,1.0,0.0,0.6666666666666666,0.838,0.02599999999999999,0,50,0,50,0.47400000000000003
100,50,50,100,0.5,0.5,1.0,0.0,0.6666666666666666,0.838,0.024999999999999988,0,50,0,50,0.47500000000000003
100,50,50,100,0.5,0.5,1.0,0.0,0.6666666666666666,0.838,0.023999999999999987,0,50,0,50,0.47600000000000003
100,50,50,100,0.5,0.5,1.0,0.0,0.6666666666666666,0.838,0.02299999999999999,0,50,0,50,0.47700000000000004
100,50,50,100,0.5,0.5,1.0,0.0,0.6666666666666666,0.838,0.021999999999999992,0,50,0,50,0.478
100,50,50,100,0.5,0.5,1.0,0.0,0.6666666666666666,0.838,0.02099999999999999,0,50,0,50,0.479
100,50,50,100,0.5,0.5,1.0,0.0,0.6666666666666666,0.838,0.01999999999999999,0,50,0,50,0.48
100,50,50,100,0.5,0.5,1.0,0.0,0.6666666666666666,0.838,0.018999999999999993,0,50,0,50,0.481
100,50,50,100,0.5,0.5,1.0,0.0,0.6666666666666666,0.838,0.017999999999999995,0,50,0,50,0.482
100,50,50,100,0.5,0.5,1.0,0.0,0.6666666666666666,0.838,0.016999999999999994,0,50,0,50,0.483
100,50,50,100,0.5,0.5,1.0,0.0,0.6666666666666666,0.838,0.015999999999999993,0,50,0,50,0.484
100,50,50,100,0.5,0.5,1.0,0.0,0.6666666666666666,0.838,0.014999999999999996,0,50,0,50,0.485
100,50,50,100,0.5,0.5,1.0,0.0,0.6666666666666666,0.838,0.013999999999999997,0,50,0,50,0.486
100,50,50,100,0.5,0.5,1.0,0.0,0.6666666666666666,0.838,0.012999999999999998,0,50,0,50,0.487
100,50,50,100,0.5,0.5,1.0,0.0,0.6666666666666666,0.838,0.011999999999999999,0,50,0,50,0.488
100,50,50,100,0.5,0.5,1.0,0.0,0.6666666666666666,0.838,0.011,0,50,0,50,0.489
100,50,50,100,0.5,0.5,1.0,0.0,0.6666666666666666,0.838,0.01,0,50,0,50,0.49
100,50,50,27,0.73,0.9259259259259259,0.5,0.96,0.6493506493506493,0.838,0.4849999999999996,48,2,25,25,0.015000000000000402
100,50,50,27,0.73,0.9259259259259259,0.5,0.96,0.6493506493506493,0.838,0.4839999999999996,48,2,25,25,0.016000000000000403
100,50,50,27,0.73,0.9259259259259259,0.5,0.96,0.6493506493506493,0.838,0.4829999999999996,48,2,25,25,0.017000000000000404
100,50,50,27,0.73,0.9259259259259259,0.5,0.96,0.6493506493506493,0.838,0.4819999999999996,48,2,25,25,0.018000000000000405
100,50,50,27,0.73,0.9259259259259259,0.5,0.96,0.6493506493506493,0.838,0.4809999999999996,48,2,25,25,0.019000000000000405
100,50,50,27,0.73,0.9259259259259259,0.5,0.96,0.6493506493506493,0.838,0.4799999999999996,48,2,25,25,0.020000000000000406
100,50,50,27,0.73,0.9259259259259259,0.5,0.96,0.6493506493506493,0.838,0.4789999999999996,48,2,25,25,0.021000000000000407
100,50,50,25,0.73,0.96,0.48,0.98,0.64,0.838,0.4859999999999996,49,1,26,24,0.014000000000000401
100,50,50,24,0.72,0.9583333333333334,0.46,0.98,0.6216216216216216,0.838,0.4899999999999996,49,1,27,23,0.010000000000000397
100,50,50,24,0.72,0.9583333333333334,0.46,0.98,0.6216216216216216,0.838,0.4889999999999996,49,1,27,23,0.011000000000000398
100,50,50,24,0.72,0.9583333333333334,0.46,0.98,0.6216216216216216,0.838,0.4879999999999996,49,1,27,23,0.0120000000000004
100,50,50,24,0.72,0.9583333333333334,0.46,0.98,0.6216216216216216,0.838,0.4869999999999996,49,1,27,23,0.0130000000000004
100,50,50,23,0.71,0.9565217391304348,0.44,0.98,0.6027397260273972,0.838,0.4939999999999996,49,1,28,22,0.006000000000000394
100,50,50,23,0.71,0.9565217391304348,0.44,0.98,0.6027397260273972,0.838,0.4929999999999996,49,1,28,22,0.007000000000000395
100,50,50,23,0.71,0.9565217391304348,0.44,0.98,0.6027397260273972,0.838,0.4919999999999996,49,1,28,22,0.008000000000000396
100,50,50,23,0.71,0.9565217391304348,0.44,0.98,0.6027397260273972,0.838,0.4909999999999996,49,1,28,22,0.009000000000000397
100,50,50,22,0.7,0.9545454545454546,0.42,0.98,0.5833333333333334,0.838,0.4949999999999996,49,1,29,21,0.005000000000000393
100,50,50,19,0.67,0.9473684210526315,0.36,0.98,0.5217391304347826,0.838,0.4959999999999996,49,1,32,18,0.004000000000000392
100,50,50,18,0.66,0.9444444444444444,0.34,0.98,0.5,0.838,0.4979999999999996,49,1,33,17,0.0020000000000003904
100,50,50,18,0.66,0.9444444444444444,0.34,0.98,0.5,0.838,0.4969999999999996,49,1,33,17,0.0030000000000003912
100,50,50,17,0.65,0.9411764705882353,0.32,0.98,0.47761194029850745,0.838,0.4999999999999996,49,1,34,16,3.885780586188048e-16
100,50,50,17,0.65,0.9411764705882353,0.32,0.98,0.47761194029850745,0.838,0.4989999999999996,49,1,34,16,0.0010000000000003895
100,50,50,16,0.64,0.9375,0.3,0.98,0.45454545454545453,0.838,0.5009999999999996,49,1,35,15,0.0009999999999995568
100,50,50,14,0.62,0.9285714285714286,0.26,0.98,0.40625,0.838,0.5019999999999996,49,1,37,13,0.0019999999999995577
100,50,50,14,0.62,0.9285714285714286,0.26,0.98,0.40625,0.838,0.5029999999999996,49,1,37,13,0.0029999999999995586
100,50,50,13,0.61,0.9230769230769231,0.24,0.98,0.38095238095238093,0.838,0.5039999999999996,49,1,38,12,0.0039999999999995595
100,50,50,12,0.6,0.9166666666666666,0.22,0.98,0.3548387096774194,0.838,0.5049999999999996,49,1,39,11,0.00499999999999956
100,50,50,10,0.58,0.9,0.18,0.98,0.3,0.838,0.5059999999999996,49,1,41,9,0.005999999999999561
100,50,50,10,0.58,0.9,0.18,0.98,0.3,0.838,0.5069999999999996,49,1,41,9,0.006999999999999562
100,50,50,9,0.57,0.8888888888888888,0.16,0.98,0.2711864406779661,0.838,0.5079999999999996,49,1,42,8,0.007999999999999563
100,50,50,9,0.57,0.8888888888888888,0.16,0.98,0.2711864406779661,0.838,0.5089999999999996,49,1,42,8,0.008999999999999564
100,50,50,9,0.57,0.8888888888888888,0.16,0.98,0.2711864406779661,0.838,0.5099999999999996,49,1,42,8,0.009999999999999565
100,50,50,9,0.57,0.8888888888888888,0.16,0.98,0.2711864406779661,0.838,0.5109999999999996,49,1,42,8,0.010999999999999566
100,50,50,9,0.57,0.8888888888888888,0.16,0.98,0.2711864406779661,0.838,0.5119999999999996,49,1,42,8,0.011999999999999567
100,50,50,9,0.57,0.8888888888888888,0.16,0.98,0.2711864406779661,0.838,0.5129999999999996,49,1,42,8,0.012999999999999567
100,50,50,9,0.57,0.8888888888888888,0.16,0.98,0.2711864406779661,0.838,0.5139999999999996,49,1,42,8,0.013999999999999568
100,50,50,8,0.56,0.875,0.14,0.98,0.2413793103448276,0.838,0.5149999999999996,49,1,43,7,0.01499999999999957
100,50,50,6,0.56,1.0,0.12,1.0,0.21428571428571427,0.838,0.5159999999999996,50,0,44,6,0.01599999999999957
100,50,50,6,0.56,1.0,0.12,1.0,0.21428571428571427,0.838,0.5169999999999996,50,0,44,6,0.01699999999999957
100,50,50,5,0.55,1.0,0.1,1.0,0.18181818181818182,0.838,0.5179999999999996,50,0,45,5,0.017999999999999572
100,50,50,5,0.55,1.0,0.1,1.0,0.18181818181818182,0.838,0.5189999999999996,50,0,45,5,0.018999999999999573
100,50,50,5,0.55,1.0,0.1,1.0,0.18181818181818182,0.838,0.5199999999999996,50,0,45,5,0.019999999999999574
100,50,50,5,0.55,1.0,0.1,1.0,0.18181818181818182,0.838,0.5209999999999996,50,0,45,5,0.020999999999999575
100,50,50,3,0.53,1.0,0.06,1.0,0.11320754716981132,0.838,0.5219999999999996,50,0,47,3,0.021999999999999575
100,50,50,3,0.53,1.0,0.06,1.0,0.11320754716981132,0.838,0.5229999999999996,50,0,47,3,0.022999999999999576
100,50,50,3,0.53,1.0,0.06,1.0,0.11320754716981132,0.838,0.5239999999999996,50,0,47,3,0.023999999999999577
100,50,50,3,0.53,1.0,0.06,1.0,0.11320754716981132,0.838,0.5249999999999996,50,0,47,3,0.024999999999999578
100,50,50,3,0.53,1.0,0.06,1.0,0.11320754716981132,0.838,0.5259999999999996,50,0,47,3,0.02599999999999958
100,50,50,3,0.53,1.0,0.06,1.0,0.11320754716981132,0.838,0.5269999999999996,50,0,47,3,0.02699999999999958
100,50,50,3,0.53,1.0,0.06,1.0,0.11320754716981132,0.838,0.5279999999999996,50,0,47,3,0.02799999999999958
100,50,50,3,0.53,1.0,0.06,1.0,0.11320754716981132,0.838,0.5289999999999996,50,0,47,3,0.02899999999999958
100,50,50,3,0.53,1.0,0.06,1.0,0.11320754716981132,0.838,0.5299999999999996,50,0,47,3,0.029999999999999583
100,50,50,3,0.53,1.0,0.06,1.0,0.11320754716981132,0.838,0.5309999999999996,50,0,47,3,0.030999999999999583
100,50,50,3,0.53,1.0,0.06,1.0,0.11320754716981132,0.838,0.5319999999999996,50,0,47,3,0.031999999999999584
100,50,50,2,0.52,1.0,0.04,1.0,0.07692307692307693,0.838,0.5329999999999996,50,0,48,2,0.032999999999999585
100,50,50,2,0.52,1.0,0.04,1.0,0.07692307692307693,0.838,0.5339999999999996,50,0,48,2,0.033999999999999586
100,50,50,1,0.51,1.0,0.02,1.0,0.0392156862745098,0.838,0.5349999999999996,50,0,49,1,0.03499999999999959
100,50,50,1,0.51,1.0,0.02,1.0,0.0392156862745098,0.838,0.5359999999999996,50,0,49,1,0.03599999999999959
100,50,50,1,0.51,1.0,0.02,1.0,0.0392156862745098,0.838,0.5369999999999996,50,0,49,1,0.03699999999999959
100,50,50,1,0.51,1.0,0.02,1.0,0.0392156862745098,0.838,0.5379999999999996,50,0,49,1,0.03799999999999959
100,50,50,1,0.51,1.0,0.02,1.0,0.0392156862745098,0.838,0.5389999999999996,50,0,49,1,0.03899999999999959
100,50,50,0,0.5,0.0,0.0,1.0,0.0,0.838,0.5399999999999996,50,0,50,0,0.03999999999999959
100,50,50,0,0.5,0.0,0.0,1.0,0.0,0.838,0.5409999999999996,50,0,50,0,0.04099999999999959
100,50,50,0,0.5,0.0,0.0,1.0,0.0,0.838,0.5419999999999996,50,0,50,0,0.04199999999999959
100,50,50,0,0.5,0.0,0.0,1.0,0.0,0.838,0.5429999999999996,50,0,50,0,0.042999999999999594
100,50,50,0,0.5,0.0,0.0,1.0,0.0,0.838,0.5439999999999996,50,0,50,0,0.043999999999999595
100,50,50,0,0.5,0.0,0.0,1.0,0.0,0.838,0.5449999999999996,50,0,50,0,0.044999999999999596
100,50,50,0,0.5,0.0,0.0,1.0,0.0,0.838,0.5459999999999996,50,0,50,0,0.0459999999999996
100,50,50,0,0.5,0.0,0.0,1.0,0.0,0.838,0.5469999999999996,50,0,50,0,0.0469999999999996
100,50,50,0,0.5,0.0,0.0,1.0,0.0,0.838,0.5479999999999996,50,0,50,0,0.0479999999999996
100,50,50,0,0.5,0.0,0.0,1.0,0.0,0.838,0.5489999999999996,50,0,50,0,0.0489999999999996
100,50,50,0,0.5,0.0,0.0,1.0,0.0,0.838,0.5499999999999996,50,0,50,0,0.0499999999999996
100,50,50,0,0.5,0.0,0.0,1.0,0.0,0.838,0.5509999999999996,50,0,50,0,0.0509999999999996
100,50,50,0,0.5,0.0,0.0,1.0,0.0,0.838,0.5519999999999996,50,0,50,0,0.0519999999999996
100,50,50,0,0.5,0.0,0.0,1.0,0.0,0.838,0.5529999999999996,50,0,50,0,0.0529999999999996
100,50,50,0,0.5,0.0,0.0,1.0,0.0,0.838,0.5539999999999996,50,0,50,0,0.053999999999999604
100,50,50,0,0.5,0.0,0.0,1.0,0.0,0.838,0.5549999999999995,50,0,50,0,0.054999999999999494
100,50,50,0,0.5,0.0,0.0,1.0,0.0,0.838,0.5559999999999995,50,0,50,0,0.055999999999999495
100,50,50,0,0.5,0.0,0.0,1.0,0.0,0.838,0.5569999999999995,50,0,50,0,0.056999999999999496
100,50,50,0,0.5,0.0,0.0,1.0,0.0,0.838,0.5579999999999995,50,0,50,0,0.057999999999999496
100,50,50,0,0.5,0.0,0.0,1.0,0.0,0.838,0.5589999999999995,50,0,50,0,0.0589999999999995
100,50,50,0,0.5,0.0,0.0,1.0,0.0,0.838,0.5599999999999995,50,0,50,0,0.0599999999999995
100,50,50,0,0.5,0.0,0.0,1.0,0.0,0.838,0.5609999999999995,50,0,50,0,0.0609999999999995
100,50,50,0,0.5,0.0,0.0,1.0,0.0,0.838,0.5619999999999995,50,0,50,0,0.0619999999999995
100,50,50,0,0.5,0.0,0.0,1.0,0.0,0.838,0.5629999999999995,50,0,50,0,0.0629999999999995
100,50,50,0,0.5,0.0,0.0,1.0,0.0,0.838,0.5639999999999995,50,0,50,0,0.0639999999999995
100,50,50,0,0.5,0.0,0.0,1.0,0.0,0.838,0.5649999999999995,50,0,50,0,0.0649999999999995
100,50,50,0,0.5,0.0,0.0,1.0,0.0,0.838,0.5659999999999995,50,0,50,0,0.0659999999999995
100,50,50,0,0.5,0.0,0.0,1.0,0.0,0.838,0.5669999999999995,50,0,50,0,0.0669999999999995
100,50,50,0,0.5,0.0,0.0,1.0,0.0,0.838,0.5679999999999995,50,0,50,0,0.0679999999999995
100,50,50,0,0.5,0.0,0.0,1.0,0.0,0.838,0.5689999999999995,50,0,50,0,0.0689999999999995
100,50,50,0,0.5,0.0,0.0,1.0,0.0,0.838,0.5699999999999995,50,0,50,0,0.06999999999999951
100,50,50,0,0.5,0.0,0.0,1.0,0.0,0.838,0.5709999999999995,50,0,50,0,0.07099999999999951
100,50,50,0,0.5,0.0,0.0,1.0,0.0,0.838,0.5719999999999995,50,0,50,0,0.07199999999999951
100,50,50,0,0.5,0.0,0.0,1.0,0.0,0.838,0.5729999999999995,50,0,50,0,0.07299999999999951
100,50,50,0,0.5,0.0,0.0,1.0,0.0,0.838,0.5739999999999995,50,0,50,0,0.07399999999999951
100,50,50,0,0.5,0.0,0.0,1.0,0.0,0.838,0.5749999999999995,50,0,50,0,0.07499999999999951
100,50,50,0,0.5,0.0,0.0,1.0,0.0,0.838,0.5759999999999995,50,0,50,0,0.07599999999999951
100,50,50,0,0.5,0.0,0.0,1.0,0.0,0.838,0.5769999999999995,50,0,50,0,0.07699999999999951
100,50,50,0,0.5,0.0,0.0,1.0,0.0,0.838,0.5779999999999995,50,0,50,0,0.07799999999999951
100,50,50,0,0.5,0.0,0.0,1.0,0.0,0.838,0.5789999999999995,50,0,50,0,0.07899999999999952
100,50,50,0,0.5,0.0,0.0,1.0,0.0,0.838,0.5799999999999995,50,0,50,0,0.07999999999999952
100,50,50,0,0.5,0.0,0.0,1.0,0.0,0.838,0.5809999999999995,50,0,50,0,0.08099999999999952
100,50,50,0,0.5,0.0,0.0,1.0,0.0,0.838,0.5819999999999995,50,0,50,0,0.08199999999999952
100,50,50,0,0.5,0.0,0.0,1.0,0.0,0.838,0.5829999999999995,50,0,50,0,0.08299999999999952
100,50,50,0,0.5,0.0,0.0,1.0,0.0,0.838,0.5839999999999995,50,0,50,0,0.08399999999999952
100,50,50,0,0.5,0.0,0.0,1.0,0.0,0.838,0.5849999999999995,50,0,50,0,0.08499999999999952
100,50,50,0,0.5,0.0,0.0,1.0,0.0,0.838,0.5859999999999995,50,0,50,0,0.08599999999999952
100,50,50,0,0.5,0.0,0.0,1.0,0.0,0.838,0.5869999999999995,50,0,50,0,0.08699999999999952
100,50,50,0,0.5,0.0,0.0,1.0,0.0,0.838,0.5879999999999995,50,0,50,0,0.08799999999999952
100,50,50,0,0.5,0.0,0.0,1.0,0.0,0.838,0.5889999999999995,50,0,50,0,0.08899999999999952
100,50,50,0,0.5,0.0,0.0,1.0,0.0,0.838,0.5899999999999995,50,0,50,0,0.08999999999999952
100,50,50,0,0.5,0.0,0.0,1.0,0.0,0.838,0.5909999999999995,50,0,50,0,0.09099999999999953
100,50,50,0,0.5,0.0,0.0,1.0,0.0,0.838,0.5919999999999995,50,0,50,0,0.09199999999999953
100,50,50,0,0.5,0.0,0.0,1.0,0.0,0.838,0.5929999999999995,50,0,50,0,0.09299999999999953
100,50,50,0,0.5,0.0,0.0,1.0,0.0,0.838,0.5939999999999995,50,0,50,0,0.09399999999999953
100,50,50,0,0.5,0.0,0.0,1.0,0.0,0.838,0.5949999999999995,50,0,50,0,0.09499999999999953
100,50,50,0,0.5,0.0,0.0,1.0,0.0,0.838,0.5959999999999995,50,0,50,0,0.09599999999999953
100,50,50,0,0.5,0.0,0.0,1.0,0.0,0.838,0.5969999999999995,50,0,50,0,0.09699999999999953
100,50,50,0,0.5,0.0,0.0,1.0,0.0,0.838,0.5979999999999995,50,0,50,0,0.09799999999999953
100,50,50,0,0.5,0.0,0.0,1.0,0.0,0.838,0.5989999999999995,50,0,50,0,0.09899999999999953
100,50,50,0,0.5,0.0,0.0,1.0,0.0,0.838,0.5999999999999995,50,0,50,0,0.09999999999999953
100,50,50,0,0.5,0.0,0.0,1.0,0.0,0.838,0.6009999999999995,50,0,50,0,0.10099999999999953
100,50,50,0,0.5,0.0,0.0,1.0,0.0,0.838,0.6019999999999995,50,0,50,0,0.10199999999999954
100,50,50,0,0.5,0.0,0.0,1.0,0.0,0.838,0.6029999999999995,50,0,50,0,0.10299999999999954
100,50,50,0,0.5,0.0,0.0,1.0,0.0,0.838,0.6039999999999995,50,0,50,0,0.10399999999999954
100,50,50,0,0.5,0.0,0.0,1.0,0.0,0.838,0.6049999999999995,50,0,50,0,0.10499999999999954
100,50,50,0,0.5,0.0,0.0,1.0,0.0,0.838,0.6059999999999995,50,0,50,0,0.10599999999999954
100,50,50,0,0.5,0.0,0.0,1.0,0.0,0.838,0.6069999999999995,50,0,50,0,0.10699999999999954
100,50,50,0,0.5,0.0,0.0,1.0,0.0,0.838,0.6079999999999995,50,0,50,0,0.10799999999999954
100,50,50,0,0.5,0.0,0.0,1.0,0.0,0.838,0.6089999999999995,50,0,50,0,0.10899999999999954
100,50,50,0,0.5,0.0,0.0,1.0,0.0,0.838,0.6099999999999995,50,0,50,0,0.10999999999999954
100,50,50,0,0.5,0.0,0.0,1.0,0.0,0.838,0.6109999999999995,50,0,50,0,0.11099999999999954
100,50,50,0,0.5,0.0,0.0,1.0,0.0,0.838,0.6119999999999995,50,0,50,0,0.11199999999999954
100,50,50,0,0.5,0.0,0.0,1.0,0.0,0.838,0.6129999999999995,50,0,50,0,0.11299999999999955
100,50,50,0,0.5,0.0,0.0,1.0,0.0,0.838,0.6139999999999995,50,0,50,0,0.11399999999999955
100,50,50,0,0.5,0.0,0.0,1.0,0.0,0.838,0.6149999999999995,50,0,50,0,0.11499999999999955
100,50,50,0,0.5,0.0,0.0,1.0,0.0,0.838,0.6159999999999995,50,0,50,0,0.11599999999999955
100,50,50,0,0.5,0.0,0.0,1.0,0.0,0.838,0.6169999999999995,50,0,50,0,0.11699999999999955
100,50,50,0,0.5,0.0,0.0,1.0,0.0,0.838,0.6179999999999994,50,0,50,0,0.11799999999999944
100,50,50,0,0.5,0.0,0.0,1.0,0.0,0.838,0.6189999999999994,50,0,50,0,0.11899999999999944
100,50,50,0,0.5,0.0,0.0,1.0,0.0,0.838,0.6199999999999994,50,0,50,0,0.11999999999999944
100,50,50,0,0.5,0.0,0.0,1.0,0.0,0.838,0.6209999999999994,50,0,50,0,0.12099999999999944
100,50,50,0,0.5,0.0,0.0,1.0,0.0,0.838,0.6219999999999994,50,0,50,0,0.12199999999999944
100,50,50,0,0.5,0.0,0.0,1.0,0.0,0.838,0.6229999999999994,50,0,50,0,0.12299999999999944
100,50,50,0,0.5,0.0,0.0,1.0,0.0,0.838,0.6239999999999994,50,0,50,0,0.12399999999999944
100,50,50,0,0.5,0.0,0.0,1.0,0.0,0.838,0.6249999999999994,50,0,50,0,0.12499999999999944
100,50,50,0,0.5,0.0,0.0,1.0,0.0,0.838,0.6259999999999994,50,0,50,0,0.12599999999999945
100,50,50,0,0.5,0.0,0.0,1.0,0.0,0.838,0.6269999999999994,50,0,50,0,0.12699999999999945
100,50,50,0,0.5,0.0,0.0,1.0,0.0,0.838,0.6279999999999994,50,0,50,0,0.12799999999999945
100,50,50,0,0.5,0.0,0.0,1.0,0.0,0.838,0.6289999999999994,50,0,50,0,0.12899999999999945
100,50,50,0,0.5,0.0,0.0,1.0,0.0,0.838,0.6299999999999994,50,0,50,0,0.12999999999999945
100,50,50,0,0.5,0.0,0.0,1.0,0.0,0.838,0.6309999999999995,50,0,50,0,0.13099999999999945
100,50,50,0,0.5,0.0,0.0,1.0,0.0,0.838,0.6319999999999995,50,0,50,0,0.13199999999999945
100,50,50,0,0.5,0.0,0.0,1.0,0.0,0.838,0.6329999999999995,50,0,50,0,0.13299999999999945
100,50,50,0,0.5,0.0,0.0,1.0,0.0,0.838,0.6339999999999995,50,0,50,0,0.13399999999999945
100,50,50,0,0.5,0.0,0.0,1.0,0.0,0.838,0.6349999999999995,50,0,50,0,0.13499999999999945
100,50,50,0,0.5,0.0,0.0,1.0,0.0,0.838,0.6359999999999995,50,0,50,0,0.13599999999999945
100,50,50,0,0.5,0.0,0.0,1.0,0.0,0.838,0.6369999999999995,50,0,50,0,0.13699999999999946
100,50,50,0,0.5,0.0,0.0,1.0,0.0,0.838,0.6379999999999995,50,0,50,0,0.13799999999999946
100,50,50,0,0.5,0.0,0.0,1.0,0.0,0.838,0.6389999999999995,50,0,50,0,0.13899999999999946
100,50,50,0,0.5,0.0,0.0,1.0,0.0,0.838,0.6399999999999995,50,0,50,0,0.13999999999999946
100,50,50,0,0.5,0.0,0.0,1.0,0.0,0.838,0.6409999999999995,50,0,50,0,0.14099999999999946
100,50,50,0,0.5,0.0,0.0,1.0,0.0,0.838,0.6419999999999995,50,0,50,0,0.14199999999999946
100,50,50,0,0.5,0.0,0.0,1.0,0.0,0.838,0.6429999999999995,50,0,50,0,0.14299999999999946
100,50,50,0,0.5,0.0,0.0,1.0,0.0,0.838,0.6439999999999995,50,0,50,0,0.14399999999999946
100,50,50,0,0.5,0.0,0.0,1.0,0.0,0.838,0.6449999999999995,50,0,50,0,0.14499999999999946
100,50,50,0,0.5,0.0,0.0,1.0,0.0,0.838,0.6459999999999995,50,0,50,0,0.14599999999999946
100,50,50,0,0.5,0.0,0.0,1.0,0.0,0.838,0.6469999999999995,50,0,50,0,0.14699999999999946
100,50,50,0,0.5,0.0,0.0,1.0,0.0,0.838,0.6479999999999995,50,0,50,0,0.14799999999999947
100,50,50,0,0.5,0.0,0.0,1.0,0.0,0.838,0.6489999999999995,50,0,50,0,0.14899999999999947
100,50,50,0,0.5,0.0,0.0,1.0,0.0,0.838,0.6499999999999995,50,0,50,0,0.14999999999999947
100,50,50,0,0.5,0.0,0.0,1.0,0.0,0.838,0.6509999999999995,50,0,50,0,0.15099999999999947
100,50,50,0,0.5,0.0,0.0,1.0,0.0,0.838,0.6519999999999995,50,0,50,0,0.15199999999999947
100,50,50,0,0.5,0.0,0.0,1.0,0.0,0.838,0.6529999999999995,50,0,50,0,0.15299999999999947
100,50,50,0,0.5,0.0,0.0,1.0,0.0,0.838,0.6539999999999995,50,0,50,0,0.15399999999999947
100,50,50,0,0.5,0.0,0.0,1.0,0.0,0.838,0.6549999999999995,50,0,50,0,0.15499999999999947
100,50,50,0,0.5,0.0,0.0,1.0,0.0,0.838,0.6559999999999995,50,0,50,0,0.15599999999999947
100,50,50,0,0.5,0.0,0.0,1.0,0.0,0.838,0.6569999999999995,50,0,50,0,0.15699999999999947
100,50,50,0,0.5,0.0,0.0,1.0,0.0,0.838,0.6579999999999995,50,0,50,0,0.15799999999999947
100,50,50,0,0.5,0.0,0.0,1.0,0.0,0.838,0.6589999999999995,50,0,50,0,0.15899999999999948
100,50,50,0,0.5,0.0,0.0,1.0,0.0,0.838,0.6599999999999995,50,0,50,0,0.15999999999999948
100,50,50,0,0.5,0.0,0.0,1.0,0.0,0.838,0.6609999999999995,50,0,50,0,0.16099999999999948
100,50,50,0,0.5,0.0,0.0,1.0,0.0,0.838,0.6619999999999995,50,0,50,0,0.16199999999999948
100,50,50,0,0.5,0.0,0.0,1.0,0.0,0.838,0.6629999999999995,50,0,50,0,0.16299999999999948
100,50,50,0,0.5,0.0,0.0,1.0,0.0,0.838,0.6639999999999995,50,0,50,0,0.16399999999999948
100,50,50,0,0.5,0.0,0.0,1.0,0.0,0.838,0.6649999999999995,50,0,50,0,0.16499999999999948
100,50,50,0,0.5,0.0,0.0,1.0,0.0,0.838,0.6659999999999995,50,0,50,0,0.16599999999999948
100,50,50,0,0.5,0.0,0.0,1.0,0.0,0.838,0.6669999999999995,50,0,50,0,0.16699999999999948
100,50,50,0,0.5,0.0,0.0,1.0,0.0,0.838,0.6679999999999995,50,0,50,0,0.16799999999999948
100,50,50,0,0.5,0.0,0.0,1.0,0.0,0.838,0.6689999999999995,50,0,50,0,0.16899999999999948
100,50,50,0,0.5,0.0,0.0,1.0,0.0,0.838,0.6699999999999995,50,0,50,0,0.16999999999999948
100,50,50,0,0.5,0.0,0.0,1.0,0.0,0.838,0.6709999999999995,50,0,50,0,0.17099999999999949
100,50,50,0,0.5,0.0,0.0,1.0,0.0,0.838,0.6719999999999995,50,0,50,0,0.1719999999999995
100,50,50,0,0.5,0.0,0.0,1.0,0.0,0.838,0.6729999999999995,50,0,50,0,0.1729999999999995
100,50,50,0,0.5,0.0,0.0,1.0,0.0,0.838,0.6739999999999995,50,0,50,0,0.1739999999999995
100,50,50,0,0.5,0.0,0.0,1.0,0.0,0.838,0.6749999999999995,50,0,50,0,0.1749999999999995
100,50,50,0,0.5,0.0,0.0,1.0,0.0,0.838,0.6759999999999995,50,0,50,0,0.1759999999999995
100,50,50,0,0.5,0.0,0.0,1.0,0.0,0.838,0.6769999999999995,50,0,50,0,0.1769999999999995
100,50,50,0,0.5,0.0,0.0,1.0,0.0,0.838,0.6779999999999995,50,0,50,0,0.1779999999999995
100,50,50,0,0.5,0.0,0.0,1.0,0.0,0.838,0.6789999999999995,50,0,50,0,0.1789999999999995
100,50,50,0,0.5,0.0,0.0,1.0,0.0,0.838,0.6799999999999995,50,0,50,0,0.1799999999999995
100,50,50,0,0.5,0.0,0.0,1.0,0.0,0.838,0.6809999999999995,50,0,50,0,0.1809999999999995
100,50,50,0,0.5,0.0,0.0,1.0,0.0,0.838,0.6819999999999995,50,0,50,0,0.1819999999999995
100,50,50,0,0.5,0.0,0.0,1.0,0.0,0.838,0.6829999999999994,50,0,50,0,0.18299999999999939
100,50,50,0,0.5,0.0,0.0,1.0,0.0,0.838,0.6839999999999994,50,0,50,0,0.1839999999999994
100,50,50,0,0.5,0.0,0.0,1.0,0.0,0.838,0.6849999999999994,50,0,50,0,0.1849999999999994
100,50,50,0,0.5,0.0,0.0,1.0,0.0,0.838,0.6859999999999994,50,0,50,0,0.1859999999999994
100,50,50,0,0.5,0.0,0.0,1.0,0.0,0.838,0.6869999999999994,50,0,50,0,0.1869999999999994
100,50,50,0,0.5,0.0,0.0,1.0,0.0,0.838,0.6879999999999994,50,0,50,0,0.1879999999999994
100,50,50,0,0.5,0.0,0.0,1.0,0.0,0.838,0.6889999999999994,50,0,50,0,0.1889999999999994
100,50,50,0,0.5,0.0,0.0,1.0,0.0,0.838,0.6899999999999994,50,0,50,0,0.1899999999999994
100,50,50,0,0.5,0.0,0.0,1.0,0.0,0.838,0.6909999999999994,50,0,50,0,0.1909999999999994
100,50,50,0,0.5,0.0,0.0,1.0,0.0,0.838,0.6919999999999994,50,0,50,0,0.1919999999999994
100,50,50,0,0.5,0.0,0.0,1.0,0.0,0.838,0.6929999999999994,50,0,50,0,0.1929999999999994
100,50,50,0,0.5,0.0,0.0,1.0,0.0,0.838,0.6939999999999994,50,0,50,0,0.1939999999999994
100,50,50,0,0.5,0.0,0.0,1.0,0.0,0.838,0.6949999999999994,50,0,50,0,0.1949999999999994
100,50,50,0,0.5,0.0,0.0,1.0,0.0,0.838,0.6959999999999994,50,0,50,0,0.1959999999999994
100,50,50,0,0.5,0.0,0.0,1.0,0.0,0.838,0.6969999999999994,50,0,50,0,0.1969999999999994
100,50,50,0,0.5,0.0,0.0,1.0,0.0,0.838,0.6979999999999994,50,0,50,0,0.1979999999999994
100,50,50,0,0.5,0.0,0.0,1.0,0.0,0.838,0.6989999999999994,50,0,50,0,0.1989999999999994
100,50,50,0,0.5,0.0,0.0,1.0,0.0,0.838,0.6999999999999994,50,0,50,0,0.1999999999999994
100,50,50,0,0.5,0.0,0.0,1.0,0.0,0.838,0.7009999999999994,50,0,50,0,0.2009999999999994
100,50,50,0,0.5,0.0,0.0,1.0,0.0,0.838,0.7019999999999994,50,0,50,0,0.2019999999999994
100,50,50,0,0.5,0.0,0.0,1.0,0.0,0.838,0.7029999999999994,50,0,50,0,0.2029999999999994
100,50,50,0,0.5,0.0,0.0,1.0,0.0,0.838,0.7039999999999994,50,0,50,0,0.2039999999999994
100,50,50,0,0.5,0.0,0.0,1.0,0.0,0.838,0.7049999999999994,50,0,50,0,0.2049999999999994
100,50,50,0,0.5,0.0,0.0,1.0,0.0,0.838,0.7059999999999994,50,0,50,0,0.2059999999999994
100,50,50,0,0.5,0.0,0.0,1.0,0.0,0.838,0.7069999999999994,50,0,50,0,0.2069999999999994
100,50,50,0,0.5,0.0,0.0,1.0,0.0,0.838,0.7079999999999994,50,0,50,0,0.2079999999999994
100,50,50,0,0.5,0.0,0.0,1.0,0.0,0.838,0.7089999999999994,50,0,50,0,0.2089999999999994
100,50,50,0,0.5,0.0,0.0,1.0,0.0,0.838,0.7099999999999994,50,0,50,0,0.2099999999999994
100,50,50,0,0.5,0.0,0.0,1.0,0.0,0.838,0.7109999999999994,50,0,50,0,0.2109999999999994
100,50,50,0,0.5,0.0,0.0,1.0,0.0,0.838,0.7119999999999994,50,0,50,0,0.2119999999999994
100,50,50,0,0.5,0.0,0.0,1.0,0.0,0.838,0.7129999999999994,50,0,50,0,0.2129999999999994
100,50,50,0,0.5,0.0,0.0,1.0,0.0,0.838,0.7139999999999994,50,0,50,0,0.2139999999999994
100,50,50,0,0.5,0.0,0.0,1.0,0.0,0.838,0.7149999999999994,50,0,50,0,0.2149999999999994
100,50,50,0,0.5,0.0,0.0,1.0,0.0,0.838,0.7159999999999994,50,0,50,0,0.21599999999999941
100,50,50,0,0.5,0.0,0.0,1.0,0.0,0.838,0.7169999999999994,50,0,50,0,0.21699999999999942
100,50,50,0,0.5,0.0,0.0,1.0,0.0,0.838,0.7179999999999994,50,0,50,0,0.21799999999999942
100,50,50,0,0.5,0.0,0.0,1.0,0.0,0.838,0.7189999999999994,50,0,50,0,0.21899999999999942
100,50,50,0,0.5,0.0,0.0,1.0,0.0,0.838,0.7199999999999994,50,0,50,0,0.21999999999999942
100,50,50,0,0.5,0.0,0.0,1.0,0.0,0.838,0.7209999999999994,50,0,50,0,0.22099999999999942
100,50,50,0,0.5,0.0,0.0,1.0,0.0,0.838,0.7219999999999994,50,0,50,0,0.22199999999999942
100,50,50,0,0.5,0.0,0.0,1.0,0.0,0.838,0.7229999999999994,50,0,50,0,0.22299999999999942
100,50,50,0,0.5,0.0,0.0,1.0,0.0,0.838,0.7239999999999994,50,0,50,0,0.22399999999999942
100,50,50,0,0.5,0.0,0.0,1.0,0.0,0.838,0.7249999999999994,50,0,50,0,0.22499999999999942
100,50,50,0,0.5,0.0,0.0,1.0,0.0,0.838,0.7259999999999994,50,0,50,0,0.22599999999999942
100,50,50,0,0.5,0.0,0.0,1.0,0.0,0.838,0.7269999999999994,50,0,50,0,0.22699999999999942
100,50,50,0,0.5,0.0,0.0,1.0,0.0,0.838,0.7279999999999994,50,0,50,0,0.22799999999999943
100,50,50,0,0.5,0.0,0.0,1.0,0.0,0.838,0.7289999999999994,50,0,50,0,0.22899999999999943
100,50,50,0,0.5,0.0,0.0,1.0,0.0,0.838,0.7299999999999994,50,0,50,0,0.22999999999999943
100,50,50,0,0.5,0.0,0.0,1.0,0.0,0.838,0.7309999999999994,50,0,50,0,0.23099999999999943
100,50,50,0,0.5,0.0,0.0,1.0,0.0,0.838,0.7319999999999994,50,0,50,0,0.23199999999999943
100,50,50,0,0.5,0.0,0.0,1.0,0.0,0.838,0.7329999999999994,50,0,50,0,0.23299999999999943
100,50,50,0,0.5,0.0,0.0,1.0,0.0,0.838,0.7339999999999994,50,0,50,0,0.23399999999999943
100,50,50,0,0.5,0.0,0.0,1.0,0.0,0.838,0.7349999999999994,50,0,50,0,0.23499999999999943
100,50,50,0,0.5,0.0,0.0,1.0,0.0,0.838,0.7359999999999994,50,0,50,0,0.23599999999999943
100,50,50,0,0.5,0.0,0.0,1.0,0.0,0.838,0.7369999999999994,50,0,50,0,0.23699999999999943
100,50,50,0,0.5,0.0,0.0,1.0,0.0,0.838,0.7379999999999994,50,0,50,0,0.23799999999999943
100,50,50,0,0.5,0.0,0.0,1.0,0.0,0.838,0.7389999999999994,50,0,50,0,0.23899999999999944
100,50,50,0,0.5,0.0,0.0,1.0,0.0,0.838,0.7399999999999994,50,0,50,0,0.23999999999999944
100,50,50,0,0.5,0.0,0.0,1.0,0.0,0.838,0.7409999999999994,50,0,50,0,0.24099999999999944
100,50,50,0,0.5,0.0,0.0,1.0,0.0,0.838,0.7419999999999994,50,0,50,0,0.24199999999999944
100,50,50,0,0.5,0.0,0.0,1.0,0.0,0.838,0.7429999999999994,50,0,50,0,0.24299999999999944
100,50,50,0,0.5,0.0,0.0,1.0,0.0,0.838,0.7439999999999994,50,0,50,0,0.24399999999999944
100,50,50,0,0.5,0.0,0.0,1.0,0.0,0.838,0.7449999999999994,50,0,50,0,0.24499999999999944
100,50,50,0,0.5,0.0,0.0,1.0,0.0,0.838,0.7459999999999993,50,0,50,0,0.24599999999999933
100,50,50,0,0.5,0.0,0.0,1.0,0.0,0.838,0.7469999999999993,50,0,50,0,0.24699999999999933
100,50,50,0,0.5,0.0,0.0,1.0,0.0,0.838,0.7479999999999993,50,0,50,0,0.24799999999999933
100,50,50,0,0.5,0.0,0.0,1.0,0.0,0.838,0.7489999999999993,50,0,50,0,0.24899999999999933
100,50,50,0,0.5,0.0,0.0,1.0,0.0,0.838,0.7499999999999993,50,0,50,0,0.24999999999999933
100,50,50,0,0.5,0.0,0.0,1.0,0.0,0.838,0.7509999999999993,50,0,50,0,0.25099999999999933
100,50,50,0,0.5,0.0,0.0,1.0,0.0,0.838,0.7519999999999993,50,0,50,0,0.25199999999999934
100,50,50,0,0.5,0.0,0.0,1.0,0.0,0.838,0.7529999999999993,50,0,50,0,0.25299999999999934
100,50,50,0,0.5,0.0,0.0,1.0,0.0,0.838,0.7539999999999993,50,0,50,0,0.25399999999999934
100,50,50,0,0.5,0.0,0.0,1.0,0.0,0.838,0.7549999999999993,50,0,50,0,0.25499999999999934
100,50,50,0,0.5,0.0,0.0,1.0,0.0,0.838,0.7559999999999993,50,0,50,0,0.25599999999999934
100,50,50,0,0.5,0.0,0.0,1.0,0.0,0.838,0.7569999999999993,50,0,50,0,0.25699999999999934
100,50,50,0,0.5,0.0,0.0,1.0,0.0,0.838,0.7579999999999993,50,0,50,0,0.25799999999999934
100,50,50,0,0.5,0.0,0.0,1.0,0.0,0.838,0.7589999999999993,50,0,50,0,0.25899999999999934
100,50,50,0,0.5,0.0,0.0,1.0,0.0,0.838,0.7599999999999993,50,0,50,0,0.25999999999999934
100,50,50,0,0.5,0.0,0.0,1.0,0.0,0.838,0.7609999999999993,50,0,50,0,0.26099999999999934
100,50,50,0,0.5,0.0,0.0,1.0,0.0,0.838,0.7619999999999993,50,0,50,0,0.26199999999999934
100,50,50,0,0.5,0.0,0.0,1.0,0.0,0.838,0.7629999999999993,50,0,50,0,0.26299999999999935
100,50,50,0,0.5,0.0,0.0,1.0,0.0,0.838,0.7639999999999993,50,0,50,0,0.26399999999999935
100,50,50,0,0.5,0.0,0.0,1.0,0.0,0.838,0.7649999999999993,50,0,50,0,0.26499999999999935
100,50,50,0,0.5,0.0,0.0,1.0,0.0,0.838,0.7659999999999993,50,0,50,0,0.26599999999999935
100,50,50,0,0.5,0.0,0.0,1.0,0.0,0.838,0.7669999999999993,50,0,50,0,0.26699999999999935
100,50,50,0,0.5,0.0,0.0,1.0,0.0,0.838,0.7679999999999993,50,0,50,0,0.26799999999999935
100,50,50,0,0.5,0.0,0.0,1.0,0.0,0.838,0.7689999999999994,50,0,50,0,0.26899999999999935
100,50,50,0,0.5,0.0,0.0,1.0,0.0,0.838,0.7699999999999994,50,0,50,0,0.26999999999999935
100,50,50,0,0.5,0.0,0.0,1.0,0.0,0.838,0.7709999999999994,50,0,50,0,0.27099999999999935
100,50,50,0,0.5,0.0,0.0,1.0,0.0,0.838,0.7719999999999994,50,0,50,0,0.27199999999999935
100,50,50,0,0.5,0.0,0.0,1.0,0.0,0.838,0.7729999999999994,50,0,50,0,0.27299999999999935
100,50,50,0,0.5,0.0,0.0,1.0,0.0,0.838,0.7739999999999994,50,0,50,0,0.27399999999999936
100,50,50,0,0.5,0.0,0.0,1.0,0.0,0.838,0.7749999999999994,50,0,50,0,0.27499999999999936
100,50,50,0,0.5,0.0,0.0,1.0,0.0,0.838,0.7759999999999994,50,0,50,0,0.27599999999999936
100,50,50,0,0.5,0.0,0.0,1.0,0.0,0.838,0.7769999999999994,50,0,50,0,0.27699999999999936
100,50,50,0,0.5,0.0,0.0,1.0,0.0,0.838,0.7779999999999994,50,0,50,0,0.27799999999999936
100,50,50,0,0.5,0.0,0.0,1.0,0.0,0.838,0.7789999999999994,50,0,50,0,0.27899999999999936
100,50,50,0,0.5,0.0,0.0,1.0,0.0,0.838,0.7799999999999994,50,0,50,0,0.27999999999999936
100,50,50,0,0.5,0.0,0.0,1.0,0.0,0.838,0.7809999999999994,50,0,50,0,0.28099999999999936
100,50,50,0,0.5,0.0,0.0,1.0,0.0,0.838,0.7819999999999994,50,0,50,0,0.28199999999999936
100,50,50,0,0.5,0.0,0.0,1.0,0.0,0.838,0.7829999999999994,50,0,50,0,0.28299999999999936
100,50,50,0,0.5,0.0,0.0,1.0,0.0,0.838,0.7839999999999994,50,0,50,0,0.28399999999999936
100,50,50,0,0.5,0.0,0.0,1.0,0.0,0.838,0.7849999999999994,50,0,50,0,0.28499999999999936
100,50,50,0,0.5,0.0,0.0,1.0,0.0,0.838,0.7859999999999994,50,0,50,0,0.28599999999999937
100,50,50,0,0.5,0.0,0.0,1.0,0.0,0.838,0.7869999999999994,50,0,50,0,0.28699999999999937
100,50,50,0,0.5,0.0,0.0,1.0,0.0,0.838,0.7879999999999994,50,0,50,0,0.28799999999999937
100,50,50,0,0.5,0.0,0.0,1.0,0.0,0.838,0.7889999999999994,50,0,50,0,0.28899999999999937
100,50,50,0,0.5,0.0,0.0,1.0,0.0,0.838,0.7899999999999994,50,0,50,0,0.28999999999999937
100,50,50,0,0.5,0.0,0.0,1.0,0.0,0.838,0.7909999999999994,50,0,50,0,0.29099999999999937
100,50,50,0,0.5,0.0,0.0,1.0,0.0,0.838,0.7919999999999994,50,0,50,0,0.29199999999999937
100,50,50,0,0.5,0.0,0.0,1.0,0.0,0.838,0.7929999999999994,50,0,50,0,0.29299999999999937
100,50,50,0,0.5,0.0,0.0,1.0,0.0,0.838,0.7939999999999994,50,0,50,0,0.2939999999999994
100,50,50,0,0.5,0.0,0.0,1.0,0.0,0.838,0.7949999999999994,50,0,50,0,0.2949999999999994
100,50,50,0,0.5,0.0,0.0,1.0,0.0,0.838,0.7959999999999994,50,0,50,0,0.2959999999999994
100,50,50,0,0.5,0.0,0.0,1.0,0.0,0.838,0.7969999999999994,50,0,50,0,0.2969999999999994
100,50,50,0,0.5,0.0,0.0,1.0,0.0,0.838,0.7979999999999994,50,0,50,0,0.2979999999999994
100,50,50,0,0.5,0.0,0.0,1.0,0.0,0.838,0.7989999999999994,50,0,50,0,0.2989999999999994
100,50,50,0,0.5,0.0,0.0,1.0,0.0,0.838,0.7999999999999994,50,0,50,0,0.2999999999999994
100,50,50,0,0.5,0.0,0.0,1.0,0.0,0.838,0.8009999999999994,50,0,50,0,0.3009999999999994
100,50,50,0,0.5,0.0,0.0,1.0,0.0,0.838,0.8019999999999994,50,0,50,0,0.3019999999999994
100,50,50,0,0.5,0.0,0.0,1.0,0.0,0.838,0.8029999999999994,50,0,50,0,0.3029999999999994
100,50,50,0,0.5,0.0,0.0,1.0,0.0,0.838,0.8039999999999994,50,0,50,0,0.3039999999999994
100,50,50,0,0.5,0.0,0.0,1.0,0.0,0.838,0.8049999999999994,50,0,50,0,0.3049999999999994
100,50,50,0,0.5,0.0,0.0,1.0,0.0,0.838,0.8059999999999994,50,0,50,0,0.3059999999999994
100,50,50,0,0.5,0.0,0.0,1.0,0.0,0.838,0.8069999999999994,50,0,50,0,0.3069999999999994
100,50,50,0,0.5,0.0,0.0,1.0,0.0,0.838,0.8079999999999994,50,0,50,0,0.3079999999999994
100,50,50,0,0.5,0.0,0.0,1.0,0.0,0.838,0.8089999999999994,50,0,50,0,0.3089999999999994
100,50,50,0,0.5,0.0,0.0,1.0,0.0,0.838,0.8099999999999994,50,0,50,0,0.3099999999999994
100,50,50,0,0.5,0.0,0.0,1.0,0.0,0.838,0.8109999999999993,50,0,50,0,0.3109999999999993
100,50,50,0,0.5,0.0,0.0,1.0,0.0,0.838,0.8119999999999993,50,0,50,0,0.3119999999999993
100,50,50,0,0.5,0.0,0.0,1.0,0.0,0.838,0.8129999999999993,50,0,50,0,0.3129999999999993
100,50,50,0,0.5,0.0,0.0,1.0,0.0,0.838,0.8139999999999993,50,0,50,0,0.3139999999999993
100,50,50,0,0.5,0.0,0.0,1.0,0.0,0.838,0.8149999999999993,50,0,50,0,0.3149999999999993
100,50,50,0,0.5,0.0,0.0,1.0,0.0,0.838,0.8159999999999993,50,0,50,0,0.3159999999999993
100,50,50,0,0.5,0.0,0.0,1.0,0.0,0.838,0.8169999999999993,50,0,50,0,0.3169999999999993
100,50,50,0,0.5,0.0,0.0,1.0,0.0,0.838,0.8179999999999993,50,0,50,0,0.3179999999999993
100,50,50,0,0.5,0.0,0.0,1.0,0.0,0.838,0.8189999999999993,50,0,50,0,0.3189999999999993
100,50,50,0,0.5,0.0,0.0,1.0,0.0,0.838,0.8199999999999993,50,0,50,0,0.3199999999999993
100,50,50,0,0.5,0.0,0.0,1.0,0.0,0.838,0.8209999999999993,50,0,50,0,0.3209999999999993
100,50,50,0,0.5,0.0,0.0,1.0,0.0,0.838,0.8219999999999993,50,0,50,0,0.3219999999999993
100,50,50,0,0.5,0.0,0.0,1.0,0.0,0.838,0.8229999999999993,50,0,50,0,0.3229999999999993
100,50,50,0,0.5,0.0,0.0,1.0,0.0,0.838,0.8239999999999993,50,0,50,0,0.3239999999999993
100,50,50,0,0.5,0.0,0.0,1.0,0.0,0.838,0.8249999999999993,50,0,50,0,0.3249999999999993
100,50,50,0,0.5,0.0,0.0,1.0,0.0,0.838,0.8259999999999993,50,0,50,0,0.3259999999999993
100,50,50,0,0.5,0.0,0.0,1.0,0.0,0.838,0.8269999999999993,50,0,50,0,0.3269999999999993
100,50,50,0,0.5,0.0,0.0,1.0,0.0,0.838,0.8279999999999993,50,0,50,0,0.3279999999999993
100,50,50,0,0.5,0.0,0.0,1.0,0.0,0.838,0.8289999999999993,50,0,50,0,0.3289999999999993
100,50,50,0,0.5,0.0,0.0,1.0,0.0,0.838,0.8299999999999993,50,0,50,0,0.3299999999999993
100,50,50,0,0.5,0.0,0.0,1.0,0.0,0.838,0.8309999999999993,50,0,50,0,0.3309999999999993
100,50,50,0,0.5,0.0,0.0,1.0,0.0,0.838,0.8319999999999993,50,0,50,0,0.3319999999999993
100,50,50,0,0.5,0.0,0.0,1.0,0.0,0.838,0.8329999999999993,50,0,50,0,0.3329999999999993
100,50,50,0,0.5,0.0,0.0,1.0,0.0,0.838,0.8339999999999993,50,0,50,0,0.3339999999999993
100,50,50,0,0.5,0.0,0.0,1.0,0.0,0.838,0.8349999999999993,50,0,50,0,0.3349999999999993
100,50,50,0,0.5,0.0,0.0,1.0,0.0,0.838,0.8359999999999993,50,0,50,0,0.3359999999999993
100,50,50,0,0.5,0.0,0.0,1.0,0.0,0.838,0.8369999999999993,50,0,50,0,0.3369999999999993
100,50,50,0,0.5,0.0,0.0,1.0,0.0,0.838,0.8379999999999993,50,0,50,0,0.3379999999999993
100,50,50,0,0.5,0.0,0.0,1.0,0.0,0.838,0.8389999999999993,50,0,50,0,0.3389999999999993
100,50,50,0,0.5,0.0,0.0,1.0,0.0,0.838,0.8399999999999993,50,0,50,0,0.3399999999999993
100,50,50,0,0.5,0.0,0.0,1.0,0.0,0.838,0.8409999999999993,50,0,50,0,0.3409999999999993
100,50,50,0,0.5,0.0,0.0,1.0,0.0,0.838,0.8419999999999993,50,0,50,0,0.3419999999999993
100,50,50,0,0.5,0.0,0.0,1.0,0.0,0.838,0.8429999999999993,50,0,50,0,0.3429999999999993
100,50,50,0,0.5,0.0,0.0,1.0,0.0,0.838,0.8439999999999993,50,0,50,0,0.3439999999999993
100,50,50,0,0.5,0.0,0.0,1.0,0.0,0.838,0.8449999999999993,50,0,50,0,0.3449999999999993
100,50,50,0,0.5,0.0,0.0,1.0,0.0,0.838,0.8459999999999993,50,0,50,0,0.3459999999999993
100,50,50,0,0.5,0.0,0.0,1.0,0.0,0.838,0.8469999999999993,50,0,50,0,0.3469999999999993
100,50,50,0,0.5,0.0,0.0,1.0,0.0,0.838,0.8479999999999993,50,0,50,0,0.3479999999999993
100,50,50,0,0.5,0.0,0.0,1.0,0.0,0.838,0.8489999999999993,50,0,50,0,0.3489999999999993
100,50,50,0,0.5,0.0,0.0,1.0,0.0,0.838,0.8499999999999993,50,0,50,0,0.3499999999999993
100,50,50,0,0.5,0.0,0.0,1.0,0.0,0.838,0.8509999999999993,50,0,50,0,0.3509999999999993
100,50,50,0,0.5,0.0,0.0,1.0,0.0,0.838,0.8519999999999993,50,0,50,0,0.3519999999999993
100,50,50,0,0.5,0.0,0.0,1.0,0.0,0.838,0.8529999999999993,50,0,50,0,0.3529999999999993
100,50,50,0,0.5,0.0,0.0,1.0,0.0,0.838,0.8539999999999993,50,0,50,0,0.3539999999999993
100,50,50,0,0.5,0.0,0.0,1.0,0.0,0.838,0.8549999999999993,50,0,50,0,0.3549999999999993
100,50,50,0,0.5,0.0,0.0,1.0,0.0,0.838,0.8559999999999993,50,0,50,0,0.3559999999999993
100,50,50,0,0.5,0.0,0.0,1.0,0.0,0.838,0.8569999999999993,50,0,50,0,0.3569999999999993
100,50,50,0,0.5,0.0,0.0,1.0,0.0,0.838,0.8579999999999993,50,0,50,0,0.3579999999999993
100,50,50,0,0.5,0.0,0.0,1.0,0.0,0.838,0.8589999999999993,50,0,50,0,0.3589999999999993
100,50,50,0,0.5,0.0,0.0,1.0,0.0,0.838,0.8599999999999993,50,0,50,0,0.3599999999999993
100,50,50,0,0.5,0.0,0.0,1.0,0.0,0.838,0.8609999999999993,50,0,50,0,0.3609999999999993
100,50,50,0,0.5,0.0,0.0,1.0,0.0,0.838,0.8619999999999993,50,0,50,0,0.3619999999999993
100,50,50,0,0.5,0.0,0.0,1.0,0.0,0.838,0.8629999999999993,50,0,50,0,0.3629999999999993
100,50,50,0,0.5,0.0,0.0,1.0,0.0,0.838,0.8639999999999993,50,0,50,0,0.3639999999999993
100,50,50,0,0.5,0.0,0.0,1.0,0.0,0.838,0.8649999999999993,50,0,50,0,0.3649999999999993
100,50,50,0,0.5,0.0,0.0,1.0,0.0,0.838,0.8659999999999993,50,0,50,0,0.3659999999999993
100,50,50,0,0.5,0.0,0.0,1.0,0.0,0.838,0.8669999999999993,50,0,50,0,0.3669999999999993
100,50,50,0,0.5,0.0,0.0,1.0,0.0,0.838,0.8679999999999993,50,0,50,0,0.3679999999999993
100,50,50,0,0.5,0.0,0.0,1.0,0.0,0.838,0.8689999999999993,50,0,50,0,0.36899999999999933
100,50,50,0,0.5,0.0,0.0,1.0,0.0,0.838,0.8699999999999993,50,0,50,0,0.36999999999999933
100,50,50,0,0.5,0.0,0.0,1.0,0.0,0.838,0.8709999999999993,50,0,50,0,0.37099999999999933
100,50,50,0,0.5,0.0,0.0,1.0,0.0,0.838,0.8719999999999993,50,0,50,0,0.37199999999999933
100,50,50,0,0.5,0.0,0.0,1.0,0.0,0.838,0.8729999999999993,50,0,50,0,0.37299999999999933
100,50,50,0,0.5,0.0,0.0,1.0,0.0,0.838,0.8739999999999992,50,0,50,0,0.3739999999999992
100,50,50,0,0.5,0.0,0.0,1.0,0.0,0.838,0.8749999999999992,50,0,50,0,0.3749999999999992
100,50,50,0,0.5,0.0,0.0,1.0,0.0,0.838,0.8759999999999992,50,0,50,0,0.3759999999999992
100,50,50,0,0.5,0.0,0.0,1.0,0.0,0.838,0.8769999999999992,50,0,50,0,0.3769999999999992
100,50,50,0,0.5,0.0,0.0,1.0,0.0,0.838,0.8779999999999992,50,0,50,0,0.3779999999999992
100,50,50,0,0.5,0.0,0.0,1.0,0.0,0.838,0.8789999999999992,50,0,50,0,0.3789999999999992
100,50,50,0,0.5,0.0,0.0,1.0,0.0,0.838,0.8799999999999992,50,0,50,0,0.3799999999999992
100,50,50,0,0.5,0.0,0.0,1.0,0.0,0.838,0.8809999999999992,50,0,50,0,0.38099999999999923
100,50,50,0,0.5,0.0,0.0,1.0,0.0,0.838,0.8819999999999992,50,0,50,0,0.38199999999999923
100,50,50,0,0.5,0.0,0.0,1.0,0.0,0.838,0.8829999999999992,50,0,50,0,0.38299999999999923
100,50,50,0,0.5,0.0,0.0,1.0,0.0,0.838,0.8839999999999992,50,0,50,0,0.38399999999999923
100,50,50,0,0.5,0.0,0.0,1.0,0.0,0.838,0.8849999999999992,50,0,50,0,0.38499999999999923
100,50,50,0,0.5,0.0,0.0,1.0,0.0,0.838,0.8859999999999992,50,0,50,0,0.38599999999999923
100,50,50,0,0.5,0.0,0.0,1.0,0.0,0.838,0.8869999999999992,50,0,50,0,0.38699999999999923
100,50,50,0,0.5,0.0,0.0,1.0,0.0,0.838,0.8879999999999992,50,0,50,0,0.38799999999999923
100,50,50,0,0.5,0.0,0.0,1.0,0.0,0.838,0.8889999999999992,50,0,50,0,0.38899999999999924
100,50,50,0,0.5,0.0,0.0,1.0,0.0,0.838,0.8899999999999992,50,0,50,0,0.38999999999999924
100,50,50,0,0.5,0.0,0.0,1.0,0.0,0.838,0.8909999999999992,50,0,50,0,0.39099999999999924
100,50,50,0,0.5,0.0,0.0,1.0,0.0,0.838,0.8919999999999992,50,0,50,0,0.39199999999999924
100,50,50,0,0.5,0.0,0.0,1.0,0.0,0.838,0.8929999999999992,50,0,50,0,0.39299999999999924
100,50,50,0,0.5,0.0,0.0,1.0,0.0,0.838,0.8939999999999992,50,0,50,0,0.39399999999999924
100,50,50,0,0.5,0.0,0.0,1.0,0.0,0.838,0.8949999999999992,50,0,50,0,0.39499999999999924
100,50,50,0,0.5,0.0,0.0,1.0,0.0,0.838,0.8959999999999992,50,0,50,0,0.39599999999999924
100,50,50,0,0.5,0.0,0.0,1.0,0.0,0.838,0.8969999999999992,50,0,50,0,0.39699999999999924
100,50,50,0,0.5,0.0,0.0,1.0,0.0,0.838,0.8979999999999992,50,0,50,0,0.39799999999999924
100,50,50,0,0.5,0.0,0.0,1.0,0.0,0.838,0.8989999999999992,50,0,50,0,0.39899999999999924
100,50,50,0,0.5,0.0,0.0,1.0,0.0,0.838,0.8999999999999992,50,0,50,0,0.39999999999999925
100,50,50,0,0.5,0.0,0.0,1.0,0.0,0.838,0.9009999999999992,50,0,50,0,0.40099999999999925
100,50,50,0,0.5,0.0,0.0,1.0,0.0,0.838,0.9019999999999992,50,0,50,0,0.40199999999999925
100,50,50,0,0.5,0.0,0.0,1.0,0.0,0.838,0.9029999999999992,50,0,50,0,0.40299999999999925
100,50,50,0,0.5,0.0,0.0,1.0,0.0,0.838,0.9039999999999992,50,0,50,0,0.40399999999999925
100,50,50,0,0.5,0.0,0.0,1.0,0.0,0.838,0.9049999999999992,50,0,50,0,0.40499999999999925
100,50,50,0,0.5,0.0,0.0,1.0,0.0,0.838,0.9059999999999993,50,0,50,0,0.40599999999999925
100,50,50,0,0.5,0.0,0.0,1.0,0.0,0.838,0.9069999999999993,50,0,50,0,0.40699999999999925
100,50,50,0,0.5,0.0,0.0,1.0,0.0,0.838,0.9079999999999993,50,0,50,0,0.40799999999999925
100,50,50,0,0.5,0.0,0.0,1.0,0.0,0.838,0.9089999999999993,50,0,50,0,0.40899999999999925
100,50,50,0,0.5,0.0,0.0,1.0,0.0,0.838,0.9099999999999993,50,0,50,0,0.40999999999999925
100,50,50,0,0.5,0.0,0.0,1.0,0.0,0.838,0.9109999999999993,50,0,50,0,0.41099999999999925
100,50,50,0,0.5,0.0,0.0,1.0,0.0,0.838,0.9119999999999993,50,0,50,0,0.41199999999999926
100,50,50,0,0.5,0.0,0.0,1.0,0.0,0.838,0.9129999999999993,50,0,50,0,0.41299999999999926
100,50,50,0,0.5,0.0,0.0,1.0,0.0,0.838,0.9139999999999993,50,0,50,0,0.41399999999999926
100,50,50,0,0.5,0.0,0.0,1.0,0.0,0.838,0.9149999999999993,50,0,50,0,0.41499999999999926
100,50,50,0,0.5,0.0,0.0,1.0,0.0,0.838,0.9159999999999993,50,0,50,0,0.41599999999999926
100,50,50,0,0.5,0.0,0.0,1.0,0.0,0.838,0.9169999999999993,50,0,50,0,0.41699999999999926
100,50,50,0,0.5,0.0,0.0,1.0,0.0,0.838,0.9179999999999993,50,0,50,0,0.41799999999999926
100,50,50,0,0.5,0.0,0.0,1.0,0.0,0.838,0.9189999999999993,50,0,50,0,0.41899999999999926
100,50,50,0,0.5,0.0,0.0,1.0,0.0,0.838,0.9199999999999993,50,0,50,0,0.41999999999999926
100,50,50,0,0.5,0.0,0.0,1.0,0.0,0.838,0.9209999999999993,50,0,50,0,0.42099999999999926
100,50,50,0,0.5,0.0,0.0,1.0,0.0,0.838,0.9219999999999993,50,0,50,0,0.42199999999999926
100,50,50,0,0.5,0.0,0.0,1.0,0.0,0.838,0.9229999999999993,50,0,50,0,0.42299999999999927
100,50,50,0,0.5,0.0,0.0,1.0,0.0,0.838,0.9239999999999993,50,0,50,0,0.42399999999999927
100,50,50,0,0.5,0.0,0.0,1.0,0.0,0.838,0.9249999999999993,50,0,50,0,0.42499999999999927
100,50,50,0,0.5,0.0,0.0,1.0,0.0,0.838,0.9259999999999993,50,0,50,0,0.42599999999999927
100,50,50,0,0.5,0.0,0.0,1.0,0.0,0.838,0.9269999999999993,50,0,50,0,0.42699999999999927
100,50,50,0,0.5,0.0,0.0,1.0,0.0,0.838,0.9279999999999993,50,0,50,0,0.42799999999999927
100,50,50,0,0.5,0.0,0.0,1.0,0.0,0.838,0.9289999999999993,50,0,50,0,0.42899999999999927
100,50,50,0,0.5,0.0,0.0,1.0,0.0,0.838,0.9299999999999993,50,0,50,0,0.42999999999999927
100,50,50,0,0.5,0.0,0.0,1.0,0.0,0.838,0.9309999999999993,50,0,50,0,0.4309999999999993
100,50,50,0,0.5,0.0,0.0,1.0,0.0,0.838,0.9319999999999993,50,0,50,0,0.4319999999999993
100,50,50,0,0.5,0.0,0.0,1.0,0.0,0.838,0.9329999999999993,50,0,50,0,0.4329999999999993
100,50,50,0,0.5,0.0,0.0,1.0,0.0,0.838,0.9339999999999993,50,0,50,0,0.4339999999999993
100,50,50,0,0.5,0.0,0.0,1.0,0.0,0.838,0.9349999999999993,50,0,50,0,0.4349999999999993
100,50,50,0,0.5,0.0,0.0,1.0,0.0,0.838,0.9359999999999993,50,0,50,0,0.4359999999999993
100,50,50,0,0.5,0.0,0.0,1.0,0.0,0.838,0.9369999999999993,50,0,50,0,0.4369999999999993
100,50,50,0,0.5,0.0,0.0,1.0,0.0,0.838,0.9379999999999993,50,0,50,0,0.4379999999999993
100,50,50,0,0.5,0.0,0.0,1.0,0.0,0.838,0.9389999999999992,50,0,50,0,0.43899999999999917
100,50,50,0,0.5,0.0,0.0,1.0,0.0,0.838,0.9399999999999992,50,0,50,0,0.43999999999999917
100,50,50,0,0.5,0.0,0.0,1.0,0.0,0.838,0.9409999999999992,50,0,50,0,0.44099999999999917
100,50,50,0,0.5,0.0,0.0,1.0,0.0,0.838,0.9419999999999992,50,0,50,0,0.44199999999999917
100,50,50,0,0.5,0.0,0.0,1.0,0.0,0.838,0.9429999999999992,50,0,50,0,0.44299999999999917
100,50,50,0,0.5,0.0,0.0,1.0,0.0,0.838,0.9439999999999992,50,0,50,0,0.4439999999999992
100,50,50,0,0.5,0.0,0.0,1.0,0.0,0.838,0.9449999999999992,50,0,50,0,0.4449999999999992
100,50,50,0,0.5,0.0,0.0,1.0,0.0,0.838,0.9459999999999992,50,0,50,0,0.4459999999999992
100,50,50,0,0.5,0.0,0.0,1.0,0.0,0.838,0.9469999999999992,50,0,50,0,0.4469999999999992
100,50,50,0,0.5,0.0,0.0,1.0,0.0,0.838,0.9479999999999992,50,0,50,0,0.4479999999999992
100,50,50,0,0.5,0.0,0.0,1.0,0.0,0.838,0.9489999999999992,50,0,50,0,0.4489999999999992
100,50,50,0,0.5,0.0,0.0,1.0,0.0,0.838,0.9499999999999992,50,0,50,0,0.4499999999999992
100,50,50,0,0.5,0.0,0.0,1.0,0.0,0.838,0.9509999999999992,50,0,50,0,0.4509999999999992
100,50,50,0,0.5,0.0,0.0,1.0,0.0,0.838,0.9519999999999992,50,0,50,0,0.4519999999999992
100,50,50,0,0.5,0.0,0.0,1.0,0.0,0.838,0.9529999999999992,50,0,50,0,0.4529999999999992
100,50,50,0,0.5,0.0,0.0,1.0,0.0,0.838,0.9539999999999992,50,0,50,0,0.4539999999999992
100,50,50,0,0.5,0.0,0.0,1.0,0.0,0.838,0.9549999999999992,50,0,50,0,0.4549999999999992
100,50,50,0,0.5,0.0,0.0,1.0,0.0,0.838,0.9559999999999992,50,0,50,0,0.4559999999999992
100,50,50,0,0.5,0.0,0.0,1.0,0.0,0.838,0.9569999999999992,50,0,50,0,0.4569999999999992
100,50,50,0,0.5,0.0,0.0,1.0,0.0,0.838,0.9579999999999992,50,0,50,0,0.4579999999999992
100,50,50,0,0.5,0.0,0.0,1.0,0.0,0.838,0.9589999999999992,50,0,50,0,0.4589999999999992
100,50,50,0,0.5,0.0,0.0,1.0,0.0,0.838,0.9599999999999992,50,0,50,0,0.4599999999999992
100,50,50,0,0.5,0.0,0.0,1.0,0.0,0.838,0.9609999999999992,50,0,50,0,0.4609999999999992
100,50,50,0,0.5,0.0,0.0,1.0,0.0,0.838,0.9619999999999992,50,0,50,0,0.4619999999999992
100,50,50,0,0.5,0.0,0.0,1.0,0.0,0.838,0.9629999999999992,50,0,50,0,0.4629999999999992
100,50,50,0,0.5,0.0,0.0,1.0,0.0,0.838,0.9639999999999992,50,0,50,0,0.4639999999999992
100,50,50,0,0.5,0.0,0.0,1.0,0.0,0.838,0.9649999999999992,50,0,50,0,0.4649999999999992
100,50,50,0,0.5,0.0,0.0,1.0,0.0,0.838,0.9659999999999992,50,0,50,0,0.4659999999999992
100,50,50,0,0.5,0.0,0.0,1.0,0.0,0.838,0.9669999999999992,50,0,50,0,0.4669999999999992
100,50,50,0,0.5,0.0,0.0,1.0,0.0,0.838,0.9679999999999992,50,0,50,0,0.4679999999999992
100,50,50,0,0.5,0.0,0.0,1.0,0.0,0.838,0.9689999999999992,50,0,50,0,0.4689999999999992
100,50,50,0,0.5,0.0,0.0,1.0,0.0,0.838,0.9699999999999992,50,0,50,0,0.4699999999999992
100,50,50,0,0.5,0.0,0.0,1.0,0.0,0.838,0.9709999999999992,50,0,50,0,0.4709999999999992
100,50,50,0,0.5,0.0,0.0,1.0,0.0,0.838,0.9719999999999992,50,0,50,0,0.4719999999999992
100,50,50,0,0.5,0.0,0.0,1.0,0.0,0.838,0.9729999999999992,50,0,50,0,0.4729999999999992
100,50,50,0,0.5,0.0,0.0,1.0,0.0,0.838,0.9739999999999992,50,0,50,0,0.4739999999999992
100,50,50,0,0.5,0.0,0.0,1.0,0.0,0.838,0.9749999999999992,50,0,50,0,0.4749999999999992
100,50,50,0,0.5,0.0,0.0,1.0,0.0,0.838,0.9759999999999992,50,0,50,0,0.4759999999999992
100,50,50,0,0.5,0.0,0.0,1.0,0.0,0.838,0.9769999999999992,50,0,50,0,0.4769999999999992
100,50,50,0,0.5,0.0,0.0,1.0,0.0,0.838,0.9779999999999992,50,0,50,0,0.4779999999999992
100,50,50,0,0.5,0.0,0.0,1.0,0.0,0.838,0.9789999999999992,50,0,50,0,0.4789999999999992
100,50,50,0,0.5,0.0,0.0,1.0,0.0,0.838,0.9799999999999992,50,0,50,0,0.4799999999999992
100,50,50,0,0.5,0.0,0.0,1.0,0.0,0.838,0.9809999999999992,50,0,50,0,0.4809999999999992
100,50,50,0,0.5,0.0,0.0,1.0,0.0,0.838,0.9819999999999992,50,0,50,0,0.4819999999999992
100,50,50,0,0.5,0.0,0.0,1.0,0.0,0.838,0.9829999999999992,50,0,50,0,0.4829999999999992
100,50,50,0,0.5,0.0,0.0,1.0,0.0,0.838,0.9839999999999992,50,0,50,0,0.4839999999999992
100,50,50,0,0.5,0.0,0.0,1.0,0.0,0.838,0.9849999999999992,50,0,50,0,0.4849999999999992
100,50,50,0,0.5,0.0,0.0,1.0,0.0,0.838,0.9859999999999992,50,0,50,0,0.4859999999999992
100,50,50,0,0.5,0.0,0.0,1.0,0.0,0.838,0.9869999999999992,50,0,50,0,0.4869999999999992
100,50,50,0,0.5,0.0,0.0,1.0,0.0,0.838,0.9879999999999992,50,0,50,0,0.4879999999999992
100,50,50,0,0.5,0.0,0.0,1.0,0.0,0.838,0.9889999999999992,50,0,50,0,0.4889999999999992
100,50,50,0,0.5,0.0,0.0,1.0,0.0,0.838,0.9899999999999992,50,0,50,0,0.4899999999999992
