dataset,path,file_name,video_key,video_id,class_name,label,fake_probability,prediction
HiDF,D:\資料\專題\PY\deepfake\研討會\dataset_HiDF5000\test\fake\c00046_c00110.jpg,c00046_c00110.jpg,fake::c00046_c00110,c00046_c00110,fake,1,0.5114116072654724,1
HiDF,D:\資料\專題\PY\deepfake\研討會\dataset_HiDF5000\test\fake\c00128_c00121.jpg,c00128_c00121.jpg,fake::c00128_c00121,c00128_c00121,fake,1,0.5161381959915161,1
HiDF,D:\資料\專題\PY\deepfake\研討會\dataset_HiDF5000\test\fake\c00137_c00172.jpg,c00137_c00172.jpg,fake::c00137_c00172,c00137_c00172,fake,1,0.5289364457130432,1
HiDF,D:\資料\專題\PY\deepfake\研討會\dataset_HiDF5000\test\fake\c00377_c10873.jpg,c00377_c10873.jpg,fake::c00377_c10873,c00377_c10873,fake,1,0.5091924071311951,1
HiDF,D:\資料\專題\PY\deepfake\研討會\dataset_HiDF5000\test\fake\c00488_c00410.jpg,c00488_c00410.jpg,fake::c00488_c00410,c00488_c00410,fake,1,0.5076297521591187,1
HiDF,D:\資料\專題\PY\deepfake\研討會\dataset_HiDF5000\test\fake\c00509_c00419.jpg,c00509_c00419.jpg,fake::c00509_c00419,c00509_c00419,fake,1,0.5241358876228333,1
HiDF,D:\資料\專題\PY\deepfake\研討會\dataset_HiDF5000\test\fake\c00528_c00546.jpg,c00528_c00546.jpg,fake::c00528_c00546,c00528_c00546,fake,1,0.5438022017478943,1
HiDF,D:\資料\專題\PY\deepfake\研討會\dataset_HiDF5000\test\fake\c00580_c00444.jpg,c00580_c00444.jpg,fake::c00580_c00444,c00580_c00444,fake,1,0.5290125012397766,1
HiDF,D:\資料\專題\PY\deepfake\研討會\dataset_HiDF5000\test\fake\c00637_c00636.jpg,c00637_c00636.jpg,fake::c00637_c00636,c00637_c00636,fake,1,0.5369958877563477,1
HiDF,D:\資料\專題\PY\deepfake\研討會\dataset_HiDF5000\test\fake\c00800_c00687.jpg,c00800_c00687.jpg,fake::c00800_c00687,c00800_c00687,fake,1,0.471367746591568,0
HiDF,D:\資料\專題\PY\deepfake\研討會\dataset_HiDF5000\test\fake\c01150_c00994.jpg,c01150_c00994.jpg,fake::c01150_c00994,c01150_c00994,fake,1,0.5294686555862427,1
HiDF,D:\資料\專題\PY\deepfake\研討會\dataset_HiDF5000\test\fake\c01154_c11712.jpg,c01154_c11712.jpg,fake::c01154_c11712,c01154_c11712,fake,1,0.5082733035087585,1
HiDF,D:\資料\專題\PY\deepfake\研討會\dataset_HiDF5000\test\fake\c01189_c11751.jpg,c01189_c11751.jpg,fake::c01189_c11751,c01189_c11751,fake,1,0.5190604329109192,1
HiDF,D:\資料\專題\PY\deepfake\研討會\dataset_HiDF5000\test\fake\c01229_c01116.jpg,c01229_c01116.jpg,fake::c01229_c01116,c01229_c01116,fake,1,0.5395291447639465,1
HiDF,D:\資料\專題\PY\deepfake\研討會\dataset_HiDF5000\test\fake\c01230_c01138.jpg,c01230_c01138.jpg,fake::c01230_c01138,c01230_c01138,fake,1,0.5294458866119385,1
HiDF,D:\資料\專題\PY\deepfake\研討會\dataset_HiDF5000\test\fake\c01285_c01249.jpg,c01285_c01249.jpg,fake::c01285_c01249,c01285_c01249,fake,1,0.5761246681213379,1
HiDF,D:\資料\專題\PY\deepfake\研討會\dataset_HiDF5000\test\fake\c01328_c01198.jpg,c01328_c01198.jpg,fake::c01328_c01198,c01328_c01198,fake,1,0.5047610402107239,1
HiDF,D:\資料\專題\PY\deepfake\研討會\dataset_HiDF5000\test\fake\c01379_c01277.jpg,c01379_c01277.jpg,fake::c01379_c01277,c01379_c01277,fake,1,0.5053990483283997,1
HiDF,D:\資料\專題\PY\deepfake\研討會\dataset_HiDF5000\test\fake\c01446_c01364.jpg,c01446_c01364.jpg,fake::c01446_c01364,c01446_c01364,fake,1,0.5205801129341125,1
HiDF,D:\資料\專題\PY\deepfake\研討會\dataset_HiDF5000\test\fake\c01474_c01454.jpg,c01474_c01454.jpg,fake::c01474_c01454,c01474_c01454,fake,1,0.5421512722969055,1
HiDF,D:\資料\專題\PY\deepfake\研討會\dataset_HiDF5000\test\fake\c01622_c01709.jpg,c01622_c01709.jpg,fake::c01622_c01709,c01622_c01709,fake,1,0.5360700488090515,1
HiDF,D:\資料\專題\PY\deepfake\研討會\dataset_HiDF5000\test\fake\c02251_f40237.jpg,c02251_f40237.jpg,fake::c02251,c02251,fake,1,0.5169346332550049,1
HiDF,D:\資料\專題\PY\deepfake\研討會\dataset_HiDF5000\test\fake\c02257_f40264.jpg,c02257_f40264.jpg,fake::c02257,c02257,fake,1,0.5233290195465088,1
HiDF,D:\資料\專題\PY\deepfake\研討會\dataset_HiDF5000\test\fake\c02482_f40504.jpg,c02482_f40504.jpg,fake::c02482,c02482,fake,1,0.505000650882721,1
HiDF,D:\資料\專題\PY\deepfake\研討會\dataset_HiDF5000\test\fake\c02484_f40527.jpg,c02484_f40527.jpg,fake::c02484,c02484,fake,1,0.4867584705352783,0
HiDF,D:\資料\專題\PY\deepfake\研討會\dataset_HiDF5000\test\fake\c02686_f40707.jpg,c02686_f40707.jpg,fake::c02686,c02686,fake,1,0.5431510806083679,1
HiDF,D:\資料\專題\PY\deepfake\研討會\dataset_HiDF5000\test\fake\c03177_f41190.jpg,c03177_f41190.jpg,fake::c03177,c03177,fake,1,0.5406055450439453,1
HiDF,D:\資料\專題\PY\deepfake\研討會\dataset_HiDF5000\test\fake\c03179_f41186.jpg,c03179_f41186.jpg,fake::c03179,c03179,fake,1,0.5074400305747986,1
HiDF,D:\資料\專題\PY\deepfake\研討會\dataset_HiDF5000\test\fake\c03252_f41275.jpg,c03252_f41275.jpg,fake::c03252,c03252,fake,1,0.4718239903450012,0
HiDF,D:\資料\專題\PY\deepfake\研討會\dataset_HiDF5000\test\fake\c03314_f41273.jpg,c03314_f41273.jpg,fake::c03314,c03314,fake,1,0.5363280773162842,1
HiDF,D:\資料\專題\PY\deepfake\研討會\dataset_HiDF5000\test\fake\c03378_f41614.jpg,c03378_f41614.jpg,fake::c03378,c03378,fake,1,0.4834921956062317,0
HiDF,D:\資料\專題\PY\deepfake\研討會\dataset_HiDF5000\test\fake\c03505_f41800.jpg,c03505_f41800.jpg,fake::c03505,c03505,fake,1,0.5142021179199219,1
HiDF,D:\資料\專題\PY\deepfake\研討會\dataset_HiDF5000\test\fake\c03723_c03637.jpg,c03723_c03637.jpg,fake::c03723_c03637,c03723_c03637,fake,1,0.47498881816864014,0
HiDF,D:\資料\專題\PY\deepfake\研討會\dataset_HiDF5000\test\fake\c03804_f25945.jpg,c03804_f25945.jpg,fake::c03804,c03804,fake,1,0.5335797667503357,1
HiDF,D:\資料\專題\PY\deepfake\研討會\dataset_HiDF5000\test\fake\c03819_f25949.jpg,c03819_f25949.jpg,fake::c03819,c03819,fake,1,0.5397717356681824,1
HiDF,D:\資料\專題\PY\deepfake\研討會\dataset_HiDF5000\test\fake\c04054_c02657.jpg,c04054_c02657.jpg,fake::c04054_c02657,c04054_c02657,fake,1,0.5362218022346497,1
HiDF,D:\資料\專題\PY\deepfake\研討會\dataset_HiDF5000\test\fake\c04399_c03006.jpg,c04399_c03006.jpg,fake::c04399_c03006,c04399_c03006,fake,1,0.5054609775543213,1
HiDF,D:\資料\專題\PY\deepfake\研討會\dataset_HiDF5000\test\fake\c04474_c03063.jpg,c04474_c03063.jpg,fake::c04474_c03063,c04474_c03063,fake,1,0.5268068313598633,1
HiDF,D:\資料\專題\PY\deepfake\研討會\dataset_HiDF5000\test\fake\c04514_c03139.jpg,c04514_c03139.jpg,fake::c04514_c03139,c04514_c03139,fake,1,0.5332151651382446,1
HiDF,D:\資料\專題\PY\deepfake\研討會\dataset_HiDF5000\test\fake\c04539_c03075.jpg,c04539_c03075.jpg,fake::c04539_c03075,c04539_c03075,fake,1,0.4907732903957367,0
HiDF,D:\資料\專題\PY\deepfake\研討會\dataset_HiDF5000\test\fake\c04552_c03094.jpg,c04552_c03094.jpg,fake::c04552_c03094,c04552_c03094,fake,1,0.504615843296051,1
HiDF,D:\資料\專題\PY\deepfake\研討會\dataset_HiDF5000\test\fake\c04818_c03374.jpg,c04818_c03374.jpg,fake::c04818_c03374,c04818_c03374,fake,1,0.5037251114845276,1
HiDF,D:\資料\專題\PY\deepfake\研討會\dataset_HiDF5000\test\fake\c05055_f28358.jpg,c05055_f28358.jpg,fake::c05055,c05055,fake,1,0.4921204447746277,0
HiDF,D:\資料\專題\PY\deepfake\研討會\dataset_HiDF5000\test\fake\c05258_c05252.jpg,c05258_c05252.jpg,fake::c05258_c05252,c05258_c05252,fake,1,0.5134130716323853,1
HiDF,D:\資料\專題\PY\deepfake\研討會\dataset_HiDF5000\test\fake\c05329_c05323.jpg,c05329_c05323.jpg,fake::c05329_c05323,c05329_c05323,fake,1,0.4472792148590088,0
HiDF,D:\資料\專題\PY\deepfake\研討會\dataset_HiDF5000\test\fake\c05407_c04286.jpg,c05407_c04286.jpg,fake::c05407_c04286,c05407_c04286,fake,1,0.4295490086078644,0
HiDF,D:\資料\專題\PY\deepfake\研討會\dataset_HiDF5000\test\fake\c10192_c01982.jpg,c10192_c01982.jpg,fake::c10192_c01982,c10192_c01982,fake,1,0.4858703315258026,0
HiDF,D:\資料\專題\PY\deepfake\研討會\dataset_HiDF5000\test\fake\c10228_c10001.jpg,c10228_c10001.jpg,fake::c10228_c10001,c10228_c10001,fake,1,0.5190032720565796,1
HiDF,D:\資料\專題\PY\deepfake\研討會\dataset_HiDF5000\test\fake\c10252_c10184.jpg,c10252_c10184.jpg,fake::c10252_c10184,c10252_c10184,fake,1,0.48916223645210266,0
HiDF,D:\資料\專題\PY\deepfake\研討會\dataset_HiDF5000\test\fake\c10432_c10255.jpg,c10432_c10255.jpg,fake::c10432_c10255,c10432_c10255,fake,1,0.49296045303344727,0
HiDF,D:\資料\專題\PY\deepfake\研討會\dataset_HiDF5000\test\fake\c10811_c13399.jpg,c10811_c13399.jpg,fake::c10811_c13399,c10811_c13399,fake,1,0.5347567796707153,1
HiDF,D:\資料\專題\PY\deepfake\研討會\dataset_HiDF5000\test\fake\c10816_c13366.jpg,c10816_c13366.jpg,fake::c10816_c13366,c10816_c13366,fake,1,0.5195441842079163,1
HiDF,D:\資料\專題\PY\deepfake\研討會\dataset_HiDF5000\test\fake\c10860_c10736.jpg,c10860_c10736.jpg,fake::c10860_c10736,c10860_c10736,fake,1,0.47788918018341064,0
HiDF,D:\資料\專題\PY\deepfake\研討會\dataset_HiDF5000\test\fake\c10943_c00251.jpg,c10943_c00251.jpg,fake::c10943_c00251,c10943_c00251,fake,1,0.502556324005127,1
HiDF,D:\資料\專題\PY\deepfake\研討會\dataset_HiDF5000\test\fake\c11506_c11482.jpg,c11506_c11482.jpg,fake::c11506_c11482,c11506_c11482,fake,1,0.5181766152381897,1
HiDF,D:\資料\專題\PY\deepfake\研討會\dataset_HiDF5000\test\fake\c11741_c11680.jpg,c11741_c11680.jpg,fake::c11741_c11680,c11741_c11680,fake,1,0.5171632170677185,1
HiDF,D:\資料\專題\PY\deepfake\研討會\dataset_HiDF5000\test\fake\c12040_c11931.jpg,c12040_c11931.jpg,fake::c12040_c11931,c12040_c11931,fake,1,0.5297347903251648,1
HiDF,D:\資料\專題\PY\deepfake\研討會\dataset_HiDF5000\test\fake\c12147_c12081.jpg,c12147_c12081.jpg,fake::c12147_c12081,c12147_c12081,fake,1,0.5214635729789734,1
HiDF,D:\資料\專題\PY\deepfake\研討會\dataset_HiDF5000\test\fake\c12180_c14774.jpg,c12180_c14774.jpg,fake::c12180_c14774,c12180_c14774,fake,1,0.5188432931900024,1
HiDF,D:\資料\專題\PY\deepfake\研討會\dataset_HiDF5000\test\fake\c12581_c12427.jpg,c12581_c12427.jpg,fake::c12581_c12427,c12581_c12427,fake,1,0.5420300960540771,1
HiDF,D:\資料\專題\PY\deepfake\研討會\dataset_HiDF5000\test\fake\c12665_c12567.jpg,c12665_c12567.jpg,fake::c12665_c12567,c12665_c12567,fake,1,0.5508188009262085,1
HiDF,D:\資料\專題\PY\deepfake\研討會\dataset_HiDF5000\test\fake\c13003_c12889.jpg,c13003_c12889.jpg,fake::c13003_c12889,c13003_c12889,fake,1,0.5390439033508301,1
HiDF,D:\資料\專題\PY\deepfake\研討會\dataset_HiDF5000\test\fake\c13285_c13251.jpg,c13285_c13251.jpg,fake::c13285_c13251,c13285_c13251,fake,1,0.47708210349082947,0
HiDF,D:\資料\專題\PY\deepfake\研討會\dataset_HiDF5000\test\fake\c13323_c13169.jpg,c13323_c13169.jpg,fake::c13323_c13169,c13323_c13169,fake,1,0.5545608997344971,1
HiDF,D:\資料\專題\PY\deepfake\研討會\dataset_HiDF5000\test\fake\c13519_c10655.jpg,c13519_c10655.jpg,fake::c13519_c10655,c13519_c10655,fake,1,0.5446954369544983,1
HiDF,D:\資料\專題\PY\deepfake\研討會\dataset_HiDF5000\test\fake\c13549_c13459.jpg,c13549_c13459.jpg,fake::c13549_c13459,c13549_c13459,fake,1,0.5071721076965332,1
HiDF,D:\資料\專題\PY\deepfake\研討會\dataset_HiDF5000\test\fake\c13555_c13433.jpg,c13555_c13433.jpg,fake::c13555_c13433,c13555_c13433,fake,1,0.490851491689682,0
HiDF,D:\資料\專題\PY\deepfake\研討會\dataset_HiDF5000\test\fake\c13702_c13572.jpg,c13702_c13572.jpg,fake::c13702_c13572,c13702_c13572,fake,1,0.46124428510665894,0
HiDF,D:\資料\專題\PY\deepfake\研討會\dataset_HiDF5000\test\fake\c13826_c13769.jpg,c13826_c13769.jpg,fake::c13826_c13769,c13826_c13769,fake,1,0.5330632328987122,1
HiDF,D:\資料\專題\PY\deepfake\研討會\dataset_HiDF5000\test\fake\c13887_c13772.jpg,c13887_c13772.jpg,fake::c13887_c13772,c13887_c13772,fake,1,0.52684485912323,1
HiDF,D:\資料\專題\PY\deepfake\研討會\dataset_HiDF5000\test\fake\c13928_c16372.jpg,c13928_c16372.jpg,fake::c13928_c16372,c13928_c16372,fake,1,0.5040402412414551,1
HiDF,D:\資料\專題\PY\deepfake\研討會\dataset_HiDF5000\test\fake\c14102_c14114.jpg,c14102_c14114.jpg,fake::c14102_c14114,c14102_c14114,fake,1,0.5169193744659424,1
HiDF,D:\資料\專題\PY\deepfake\研討會\dataset_HiDF5000\test\fake\c14151_c14074.jpg,c14151_c14074.jpg,fake::c14151_c14074,c14151_c14074,fake,1,0.5544403195381165,1
HiDF,D:\資料\專題\PY\deepfake\研討會\dataset_HiDF5000\test\fake\c14252_c14150.jpg,c14252_c14150.jpg,fake::c14252_c14150,c14252_c14150,fake,1,0.4856263995170593,0
HiDF,D:\資料\專題\PY\deepfake\研討會\dataset_HiDF5000\test\fake\c14289_c16632.jpg,c14289_c16632.jpg,fake::c14289_c16632,c14289_c16632,fake,1,0.5238237977027893,1
HiDF,D:\資料\專題\PY\deepfake\研討會\dataset_HiDF5000\test\fake\c14355_c14272.jpg,c14355_c14272.jpg,fake::c14355_c14272,c14355_c14272,fake,1,0.5341037511825562,1
HiDF,D:\資料\專題\PY\deepfake\研討會\dataset_HiDF5000\test\fake\c14426_c14391.jpg,c14426_c14391.jpg,fake::c14426_c14391,c14426_c14391,fake,1,0.528175950050354,1
HiDF,D:\資料\專題\PY\deepfake\研討會\dataset_HiDF5000\test\fake\c14443_c14417.jpg,c14443_c14417.jpg,fake::c14443_c14417,c14443_c14417,fake,1,0.5142211318016052,1
HiDF,D:\資料\專題\PY\deepfake\研討會\dataset_HiDF5000\test\fake\c14479_c14382.jpg,c14479_c14382.jpg,fake::c14479_c14382,c14479_c14382,fake,1,0.4391609728336334,0
HiDF,D:\資料\專題\PY\deepfake\研討會\dataset_HiDF5000\test\fake\c14531_c16859.jpg,c14531_c16859.jpg,fake::c14531_c16859,c14531_c16859,fake,1,0.5029568672180176,1
HiDF,D:\資料\專題\PY\deepfake\研討會\dataset_HiDF5000\test\fake\c14582_c14342.jpg,c14582_c14342.jpg,fake::c14582_c14342,c14582_c14342,fake,1,0.4733985364437103,0
HiDF,D:\資料\專題\PY\deepfake\研討會\dataset_HiDF5000\test\fake\c14916_c14744.jpg,c14916_c14744.jpg,fake::c14916_c14744,c14916_c14744,fake,1,0.467263400554657,0
HiDF,D:\資料\專題\PY\deepfake\研討會\dataset_HiDF5000\test\fake\c15091_c17440.jpg,c15091_c17440.jpg,fake::c15091_c17440,c15091_c17440,fake,1,0.5095527768135071,1
HiDF,D:\資料\專題\PY\deepfake\研討會\dataset_HiDF5000\test\fake\c15328_c17681.jpg,c15328_c17681.jpg,fake::c15328_c17681,c15328_c17681,fake,1,0.47764551639556885,0
HiDF,D:\資料\專題\PY\deepfake\研討會\dataset_HiDF5000\test\fake\c15593_c15456.jpg,c15593_c15456.jpg,fake::c15593_c15456,c15593_c15456,fake,1,0.5087862610816956,1
HiDF,D:\資料\專題\PY\deepfake\研討會\dataset_HiDF5000\test\fake\c15608_c15442.jpg,c15608_c15442.jpg,fake::c15608_c15442,c15608_c15442,fake,1,0.5288528203964233,1
HiDF,D:\資料\專題\PY\deepfake\研討會\dataset_HiDF5000\test\fake\c15639_c15479.jpg,c15639_c15479.jpg,fake::c15639_c15479,c15639_c15479,fake,1,0.5303732752799988,1
HiDF,D:\資料\專題\PY\deepfake\研討會\dataset_HiDF5000\test\fake\c15785_c15588.jpg,c15785_c15588.jpg,fake::c15785_c15588,c15785_c15588,fake,1,0.5096232891082764,1
HiDF,D:\資料\專題\PY\deepfake\研討會\dataset_HiDF5000\test\fake\c15813_c15643.jpg,c15813_c15643.jpg,fake::c15813_c15643,c15813_c15643,fake,1,0.4849136769771576,0
HiDF,D:\資料\專題\PY\deepfake\研討會\dataset_HiDF5000\test\fake\c16016_c15856.jpg,c16016_c15856.jpg,fake::c16016_c15856,c16016_c15856,fake,1,0.4784298241138458,0
HiDF,D:\資料\專題\PY\deepfake\研討會\dataset_HiDF5000\test\fake\c16167_c16029.jpg,c16167_c16029.jpg,fake::c16167_c16029,c16167_c16029,fake,1,0.5323567390441895,1
HiDF,D:\資料\專題\PY\deepfake\研討會\dataset_HiDF5000\test\fake\c16175_c15887.jpg,c16175_c15887.jpg,fake::c16175_c15887,c16175_c15887,fake,1,0.5537315607070923,1
HiDF,D:\資料\專題\PY\deepfake\研討會\dataset_HiDF5000\test\fake\c16321_c13549.jpg,c16321_c13549.jpg,fake::c16321_c13549,c16321_c13549,fake,1,0.5188966393470764,1
HiDF,D:\資料\專題\PY\deepfake\研討會\dataset_HiDF5000\test\fake\c16439_c20825.jpg,c16439_c20825.jpg,fake::c16439_c20825,c16439_c20825,fake,1,0.44049933552742004,0
HiDF,D:\資料\專題\PY\deepfake\研討會\dataset_HiDF5000\test\fake\c16700_c16522.jpg,c16700_c16522.jpg,fake::c16700_c16522,c16700_c16522,fake,1,0.529780387878418,1
HiDF,D:\資料\專題\PY\deepfake\研討會\dataset_HiDF5000\test\fake\c17469_c17183.jpg,c17469_c17183.jpg,fake::c17469_c17183,c17469_c17183,fake,1,0.5281835794448853,1
HiDF,D:\資料\專題\PY\deepfake\研討會\dataset_HiDF5000\test\fake\c17565_c17329.jpg,c17565_c17329.jpg,fake::c17565_c17329,c17565_c17329,fake,1,0.5046104192733765,1
HiDF,D:\資料\專題\PY\deepfake\研討會\dataset_HiDF5000\test\fake\c17681_c17408.jpg,c17681_c17408.jpg,fake::c17681_c17408,c17681_c17408,fake,1,0.49478879570961,0
HiDF,D:\資料\專題\PY\deepfake\研討會\dataset_HiDF5000\test\fake\c17743_c17489.jpg,c17743_c17489.jpg,fake::c17743_c17489,c17743_c17489,fake,1,0.4940674901008606,0
HiDF,D:\資料\專題\PY\deepfake\研討會\dataset_HiDF5000\test\fake\c18051_c28874.jpg,c18051_c28874.jpg,fake::c18051_c28874,c18051_c28874,fake,1,0.5121092796325684,1
HiDF,D:\資料\專題\PY\deepfake\研討會\dataset_HiDF5000\test\fake\c18059_c28887.jpg,c18059_c28887.jpg,fake::c18059_c28887,c18059_c28887,fake,1,0.4859427213668823,0
HiDF,D:\資料\專題\PY\deepfake\研討會\dataset_HiDF5000\test\fake\c18090_c28891.jpg,c18090_c28891.jpg,fake::c18090_c28891,c18090_c28891,fake,1,0.4943988025188446,0
HiDF,D:\資料\專題\PY\deepfake\研討會\dataset_HiDF5000\test\fake\c18280_c29071.jpg,c18280_c29071.jpg,fake::c18280_c29071,c18280_c29071,fake,1,0.5482653379440308,1
HiDF,D:\資料\專題\PY\deepfake\研討會\dataset_HiDF5000\test\fake\c18406_c29153.jpg,c18406_c29153.jpg,fake::c18406_c29153,c18406_c29153,fake,1,0.524371862411499,1
HiDF,D:\資料\專題\PY\deepfake\研討會\dataset_HiDF5000\test\fake\c18490_c29192.jpg,c18490_c29192.jpg,fake::c18490_c29192,c18490_c29192,fake,1,0.5054013729095459,1
HiDF,D:\資料\專題\PY\deepfake\研討會\dataset_HiDF5000\test\fake\c18672_c29364.jpg,c18672_c29364.jpg,fake::c18672_c29364,c18672_c29364,fake,1,0.519148051738739,1
HiDF,D:\資料\專題\PY\deepfake\研討會\dataset_HiDF5000\test\fake\c18685_c29499.jpg,c18685_c29499.jpg,fake::c18685_c29499,c18685_c29499,fake,1,0.5302821397781372,1
HiDF,D:\資料\專題\PY\deepfake\研討會\dataset_HiDF5000\test\fake\c18779_c29489.jpg,c18779_c29489.jpg,fake::c18779_c29489,c18779_c29489,fake,1,0.5273317098617554,1
HiDF,D:\資料\專題\PY\deepfake\研討會\dataset_HiDF5000\test\fake\c18815_c29680.jpg,c18815_c29680.jpg,fake::c18815_c29680,c18815_c29680,fake,1,0.47697553038597107,0
HiDF,D:\資料\專題\PY\deepfake\研討會\dataset_HiDF5000\test\fake\c18867_c29716.jpg,c18867_c29716.jpg,fake::c18867_c29716,c18867_c29716,fake,1,0.5512868762016296,1
HiDF,D:\資料\專題\PY\deepfake\研討會\dataset_HiDF5000\test\fake\c18896_c29760.jpg,c18896_c29760.jpg,fake::c18896_c29760,c18896_c29760,fake,1,0.524820864200592,1
HiDF,D:\資料\專題\PY\deepfake\研討會\dataset_HiDF5000\test\fake\c18998_f21328.jpg,c18998_f21328.jpg,fake::c18998,c18998,fake,1,0.4602889120578766,0
HiDF,D:\資料\專題\PY\deepfake\研討會\dataset_HiDF5000\test\fake\c19020_c18091.jpg,c19020_c18091.jpg,fake::c19020_c18091,c19020_c18091,fake,1,0.5333291292190552,1
HiDF,D:\資料\專題\PY\deepfake\研討會\dataset_HiDF5000\test\fake\c19086_c18050.jpg,c19086_c18050.jpg,fake::c19086_c18050,c19086_c18050,fake,1,0.497069388628006,0
HiDF,D:\資料\專題\PY\deepfake\研討會\dataset_HiDF5000\test\fake\c19157_c18173.jpg,c19157_c18173.jpg,fake::c19157_c18173,c19157_c18173,fake,1,0.5367833971977234,1
HiDF,D:\資料\專題\PY\deepfake\研討會\dataset_HiDF5000\test\fake\c19194_c18211.jpg,c19194_c18211.jpg,fake::c19194_c18211,c19194_c18211,fake,1,0.5141716003417969,1
HiDF,D:\資料\專題\PY\deepfake\研討會\dataset_HiDF5000\test\fake\c19268_c18254.jpg,c19268_c18254.jpg,fake::c19268_c18254,c19268_c18254,fake,1,0.48949968814849854,0
HiDF,D:\資料\專題\PY\deepfake\研討會\dataset_HiDF5000\test\fake\c19278_c18268.jpg,c19278_c18268.jpg,fake::c19278_c18268,c19278_c18268,fake,1,0.5665581822395325,1
HiDF,D:\資料\專題\PY\deepfake\研討會\dataset_HiDF5000\test\fake\c19380_c18362.jpg,c19380_c18362.jpg,fake::c19380_c18362,c19380_c18362,fake,1,0.5283737182617188,1
HiDF,D:\資料\專題\PY\deepfake\研討會\dataset_HiDF5000\test\fake\c19394_c18393.jpg,c19394_c18393.jpg,fake::c19394_c18393,c19394_c18393,fake,1,0.5240064859390259,1
HiDF,D:\資料\專題\PY\deepfake\研討會\dataset_HiDF5000\test\fake\c19645_c19068.jpg,c19645_c19068.jpg,fake::c19645_c19068,c19645_c19068,fake,1,0.5168964862823486,1
HiDF,D:\資料\專題\PY\deepfake\研討會\dataset_HiDF5000\test\fake\c19806_c19259.jpg,c19806_c19259.jpg,fake::c19806_c19259,c19806_c19259,fake,1,0.4894596338272095,0
HiDF,D:\資料\專題\PY\deepfake\研討會\dataset_HiDF5000\test\fake\c19825_c19199.jpg,c19825_c19199.jpg,fake::c19825_c19199,c19825_c19199,fake,1,0.49364984035491943,0
HiDF,D:\資料\專題\PY\deepfake\研討會\dataset_HiDF5000\test\fake\c20051_c17753.jpg,c20051_c17753.jpg,fake::c20051_c17753,c20051_c17753,fake,1,0.5194413661956787,1
HiDF,D:\資料\專題\PY\deepfake\研討會\dataset_HiDF5000\test\fake\c20211_c22672.jpg,c20211_c22672.jpg,fake::c20211_c22672,c20211_c22672,fake,1,0.5664083361625671,1
HiDF,D:\資料\專題\PY\deepfake\研討會\dataset_HiDF5000\test\fake\c20284_c22628.jpg,c20284_c22628.jpg,fake::c20284_c22628,c20284_c22628,fake,1,0.5338987112045288,1
HiDF,D:\資料\專題\PY\deepfake\研討會\dataset_HiDF5000\test\fake\c21106_c16062.jpg,c21106_c16062.jpg,fake::c21106_c16062,c21106_c16062,fake,1,0.502980649471283,1
HiDF,D:\資料\專題\PY\deepfake\研討會\dataset_HiDF5000\test\fake\c21636_c23769.jpg,c21636_c23769.jpg,fake::c21636_c23769,c21636_c23769,fake,1,0.48483359813690186,0
HiDF,D:\資料\專題\PY\deepfake\研討會\dataset_HiDF5000\test\fake\c21871_c21282.jpg,c21871_c21282.jpg,fake::c21871_c21282,c21871_c21282,fake,1,0.4926314949989319,0
HiDF,D:\資料\專題\PY\deepfake\研討會\dataset_HiDF5000\test\fake\c22031_c24099.jpg,c22031_c24099.jpg,fake::c22031_c24099,c22031_c24099,fake,1,0.49830150604248047,0
HiDF,D:\資料\專題\PY\deepfake\研討會\dataset_HiDF5000\test\fake\c22193_c21477.jpg,c22193_c21477.jpg,fake::c22193_c21477,c22193_c21477,fake,1,0.4983959197998047,0
HiDF,D:\資料\專題\PY\deepfake\研討會\dataset_HiDF5000\test\fake\c22199_c21501.jpg,c22199_c21501.jpg,fake::c22199_c21501,c22199_c21501,fake,1,0.5011177062988281,1
HiDF,D:\資料\專題\PY\deepfake\研討會\dataset_HiDF5000\test\fake\c22374_c21658.jpg,c22374_c21658.jpg,fake::c22374_c21658,c22374_c21658,fake,1,0.5164964199066162,1
HiDF,D:\資料\專題\PY\deepfake\研討會\dataset_HiDF5000\test\fake\c22636_c21745.jpg,c22636_c21745.jpg,fake::c22636_c21745,c22636_c21745,fake,1,0.4849708080291748,0
HiDF,D:\資料\專題\PY\deepfake\研討會\dataset_HiDF5000\test\fake\c23374_c02218.jpg,c23374_c02218.jpg,fake::c23374_c02218,c23374_c02218,fake,1,0.534688413143158,1
HiDF,D:\資料\專題\PY\deepfake\研討會\dataset_HiDF5000\test\fake\c23749_c19957.jpg,c23749_c19957.jpg,fake::c23749_c19957,c23749_c19957,fake,1,0.5444684028625488,1
HiDF,D:\資料\專題\PY\deepfake\研討會\dataset_HiDF5000\test\fake\c24537_c23365.jpg,c24537_c23365.jpg,fake::c24537_c23365,c24537_c23365,fake,1,0.5262438654899597,1
HiDF,D:\資料\專題\PY\deepfake\研討會\dataset_HiDF5000\test\fake\c24997_c21121.jpg,c24997_c21121.jpg,fake::c24997_c21121,c24997_c21121,fake,1,0.5525850057601929,1
HiDF,D:\資料\專題\PY\deepfake\研討會\dataset_HiDF5000\test\fake\c25024_c21119.jpg,c25024_c21119.jpg,fake::c25024_c21119,c25024_c21119,fake,1,0.5179213881492615,1
HiDF,D:\資料\專題\PY\deepfake\研討會\dataset_HiDF5000\test\fake\c25075_c23800.jpg,c25075_c23800.jpg,fake::c25075_c23800,c25075_c23800,fake,1,0.49646931886672974,0
HiDF,D:\資料\專題\PY\deepfake\研討會\dataset_HiDF5000\test\fake\c25317_c24101.jpg,c25317_c24101.jpg,fake::c25317_c24101,c25317_c24101,fake,1,0.4917895793914795,0
HiDF,D:\資料\專題\PY\deepfake\研討會\dataset_HiDF5000\test\fake\c25763_c24559.jpg,c25763_c24559.jpg,fake::c25763_c24559,c25763_c24559,fake,1,0.4998292922973633,0
HiDF,D:\資料\專題\PY\deepfake\研討會\dataset_HiDF5000\test\fake\c26026_c24752.jpg,c26026_c24752.jpg,fake::c26026_c24752,c26026_c24752,fake,1,0.538285493850708,1
HiDF,D:\資料\專題\PY\deepfake\研討會\dataset_HiDF5000\test\fake\c26185_c02146.jpg,c26185_c02146.jpg,fake::c26185_c02146,c26185_c02146,fake,1,0.5170450806617737,1
HiDF,D:\資料\專題\PY\deepfake\研討會\dataset_HiDF5000\test\fake\c27026_c28053.jpg,c27026_c28053.jpg,fake::c27026_c28053,c27026_c28053,fake,1,0.5450435876846313,1
HiDF,D:\資料\專題\PY\deepfake\研討會\dataset_HiDF5000\test\fake\c27162_c28236.jpg,c27162_c28236.jpg,fake::c27162_c28236,c27162_c28236,fake,1,0.4924779534339905,0
HiDF,D:\資料\專題\PY\deepfake\研討會\dataset_HiDF5000\test\fake\c28545_c28773.jpg,c28545_c28773.jpg,fake::c28545_c28773,c28545_c28773,fake,1,0.5188623666763306,1
HiDF,D:\資料\專題\PY\deepfake\研討會\dataset_HiDF5000\test\fake\c28802_c26302.jpg,c28802_c26302.jpg,fake::c28802_c26302,c28802_c26302,fake,1,0.52056485414505,1
HiDF,D:\資料\專題\PY\deepfake\研討會\dataset_HiDF5000\test\fake\c28945_c26471.jpg,c28945_c26471.jpg,fake::c28945_c26471,c28945_c26471,fake,1,0.5209761261940002,1
HiDF,D:\資料\專題\PY\deepfake\研討會\dataset_HiDF5000\test\fake\c29293_c26732.jpg,c29293_c26732.jpg,fake::c29293_c26732,c29293_c26732,fake,1,0.5362370014190674,1
HiDF,D:\資料\專題\PY\deepfake\研討會\dataset_HiDF5000\test\fake\c29406_c23954.jpg,c29406_c23954.jpg,fake::c29406_c23954,c29406_c23954,fake,1,0.5432721972465515,1
HiDF,D:\資料\專題\PY\deepfake\研討會\dataset_HiDF5000\test\fake\c29460_c26865.jpg,c29460_c26865.jpg,fake::c29460_c26865,c29460_c26865,fake,1,0.512227475643158,1
HiDF,D:\資料\專題\PY\deepfake\研討會\dataset_HiDF5000\test\fake\c29495_c26839.jpg,c29495_c26839.jpg,fake::c29495_c26839,c29495_c26839,fake,1,0.5189080834388733,1
HiDF,D:\資料\專題\PY\deepfake\研討會\dataset_HiDF5000\test\fake\c29540_f20218.jpg,c29540_f20218.jpg,fake::c29540,c29540,fake,1,0.5078480839729309,1
HiDF,D:\資料\專題\PY\deepfake\研討會\dataset_HiDF5000\test\fake\c29824_c27010.jpg,c29824_c27010.jpg,fake::c29824_c27010,c29824_c27010,fake,1,0.5020294189453125,1
HiDF,D:\資料\專題\PY\deepfake\研討會\dataset_HiDF5000\test\fake\c29861_c26979.jpg,c29861_c26979.jpg,fake::c29861_c26979,c29861_c26979,fake,1,0.5362370014190674,1
HiDF,D:\資料\專題\PY\deepfake\研討會\dataset_HiDF5000\test\fake\f00042_f32186.jpg,f00042_f32186.jpg,fake::f00042,f00042,fake,1,0.5306697487831116,1
HiDF,D:\資料\專題\PY\deepfake\研討會\dataset_HiDF5000\test\fake\f00045_f32131.jpg,f00045_f32131.jpg,fake::f00045,f00045,fake,1,0.5023164749145508,1
HiDF,D:\資料\專題\PY\deepfake\研討會\dataset_HiDF5000\test\fake\f00111_f32233.jpg,f00111_f32233.jpg,fake::f00111,f00111,fake,1,0.5162372589111328,1
HiDF,D:\資料\專題\PY\deepfake\研討會\dataset_HiDF5000\test\fake\f00487_f39762.jpg,f00487_f39762.jpg,fake::f00487,f00487,fake,1,0.51583331823349,1
HiDF,D:\資料\專題\PY\deepfake\研討會\dataset_HiDF5000\test\fake\f00555_f39733.jpg,f00555_f39733.jpg,fake::f00555,f00555,fake,1,0.5307305455207825,1
HiDF,D:\資料\專題\PY\deepfake\研討會\dataset_HiDF5000\test\fake\f00794_f00492.jpg,f00794_f00492.jpg,fake::f00794,f00794,fake,1,0.4905368685722351,0
HiDF,D:\資料\專題\PY\deepfake\研討會\dataset_HiDF5000\test\fake\f00872_f00563.jpg,f00872_f00563.jpg,fake::f00872,f00872,fake,1,0.5265481472015381,1
HiDF,D:\資料\專題\PY\deepfake\研討會\dataset_HiDF5000\test\fake\f00958_f00648.jpg,f00958_f00648.jpg,fake::f00958,f00958,fake,1,0.5436810851097107,1
HiDF,D:\資料\專題\PY\deepfake\研討會\dataset_HiDF5000\test\fake\f01032_f00715.jpg,f01032_f00715.jpg,fake::f01032,f01032,fake,1,0.493246465921402,0
HiDF,D:\資料\專題\PY\deepfake\研討會\dataset_HiDF5000\test\fake\f01135_f00969.jpg,f01135_f00969.jpg,fake::f01135,f01135,fake,1,0.5006217956542969,1
HiDF,D:\資料\專題\PY\deepfake\研討會\dataset_HiDF5000\test\fake\f01176_f00866.jpg,f01176_f00866.jpg,fake::f01176,f01176,fake,1,0.4952458143234253,0
HiDF,D:\資料\專題\PY\deepfake\研討會\dataset_HiDF5000\test\fake\f01224_f00906.jpg,f01224_f00906.jpg,fake::f01224,f01224,fake,1,0.4647800922393799,0
HiDF,D:\資料\專題\PY\deepfake\研討會\dataset_HiDF5000\test\fake\f01470_f01032.jpg,f01470_f01032.jpg,fake::f01470,f01470,fake,1,0.48571404814720154,0
HiDF,D:\資料\專題\PY\deepfake\研討會\dataset_HiDF5000\test\fake\f01567_f01186.jpg,f01567_f01186.jpg,fake::f01567,f01567,fake,1,0.4795798659324646,0
HiDF,D:\資料\專題\PY\deepfake\研討會\dataset_HiDF5000\test\fake\f01581_f01156.jpg,f01581_f01156.jpg,fake::f01581,f01581,fake,1,0.5103229880332947,1
HiDF,D:\資料\專題\PY\deepfake\研討會\dataset_HiDF5000\test\fake\f01799_f01520.jpg,f01799_f01520.jpg,fake::f01799,f01799,fake,1,0.4806615114212036,0
HiDF,D:\資料\專題\PY\deepfake\研討會\dataset_HiDF5000\test\fake\f01942_f20314.png,f01942_f20314.png,fake::f01942,f01942,fake,1,0.5186680555343628,1
HiDF,D:\資料\專題\PY\deepfake\研討會\dataset_HiDF5000\test\fake\f01943_f21577.png,f01943_f21577.png,fake::f01943,f01943,fake,1,0.47610771656036377,0
HiDF,D:\資料\專題\PY\deepfake\研討會\dataset_HiDF5000\test\fake\f02047_f20213.png,f02047_f20213.png,fake::f02047,f02047,fake,1,0.5200164318084717,1
HiDF,D:\資料\專題\PY\deepfake\研討會\dataset_HiDF5000\test\fake\f02103_f21549.png,f02103_f21549.png,fake::f02103,f02103,fake,1,0.4469020366668701,0
HiDF,D:\資料\專題\PY\deepfake\研討會\dataset_HiDF5000\test\fake\f02139_f22306.png,f02139_f22306.png,fake::f02139,f02139,fake,1,0.5051429867744446,1
HiDF,D:\資料\專題\PY\deepfake\研討會\dataset_HiDF5000\test\fake\f02232_f25558.png,f02232_f25558.png,fake::f02232,f02232,fake,1,0.4662000238895416,0
HiDF,D:\資料\專題\PY\deepfake\研討會\dataset_HiDF5000\test\fake\f02327_f25650.png,f02327_f25650.png,fake::f02327,f02327,fake,1,0.4768994152545929,0
HiDF,D:\資料\專題\PY\deepfake\研討會\dataset_HiDF5000\test\fake\f20412_c19917.jpg,f20412_c19917.jpg,fake::f20412_c19917,f20412_c19917,fake,1,0.5240749716758728,1
HiDF,D:\資料\專題\PY\deepfake\研討會\dataset_HiDF5000\test\fake\f20474_c19976.jpg,f20474_c19976.jpg,fake::f20474_c19976,f20474_c19976,fake,1,0.5213340520858765,1
HiDF,D:\資料\專題\PY\deepfake\研討會\dataset_HiDF5000\test\fake\f20530_c26761.jpg,f20530_c26761.jpg,fake::f20530_c26761,f20530_c26761,fake,1,0.5264188647270203,1
HiDF,D:\資料\專題\PY\deepfake\研討會\dataset_HiDF5000\test\fake\f20681_f20096.jpg,f20681_f20096.jpg,fake::f20681,f20681,fake,1,0.523085355758667,1
HiDF,D:\資料\專題\PY\deepfake\研討會\dataset_HiDF5000\test\fake\f20767_c18607.jpg,f20767_c18607.jpg,fake::f20767_c18607,f20767_c18607,fake,1,0.5274838805198669,1
HiDF,D:\資料\專題\PY\deepfake\研討會\dataset_HiDF5000\test\fake\f21958_c18693.jpg,f21958_c18693.jpg,fake::f21958_c18693,f21958_c18693,fake,1,0.5242500305175781,1
HiDF,D:\資料\專題\PY\deepfake\研討會\dataset_HiDF5000\test\fake\f22468_c18905.jpg,f22468_c18905.jpg,fake::f22468_c18905,f22468_c18905,fake,1,0.54295414686203,1
HiDF,D:\資料\專題\PY\deepfake\研討會\dataset_HiDF5000\test\fake\f22470_c18923.jpg,f22470_c18923.jpg,fake::f22470_c18923,f22470_c18923,fake,1,0.5146480798721313,1
HiDF,D:\資料\專題\PY\deepfake\研討會\dataset_HiDF5000\test\fake\f22813_f23984.jpg,f22813_f23984.jpg,fake::f22813,f22813,fake,1,0.4801739752292633,0
HiDF,D:\資料\專題\PY\deepfake\研討會\dataset_HiDF5000\test\fake\f23030_c18770.jpg,f23030_c18770.jpg,fake::f23030_c18770,f23030_c18770,fake,1,0.49082860350608826,0
HiDF,D:\資料\專題\PY\deepfake\研討會\dataset_HiDF5000\test\fake\f23132_c18796.jpg,f23132_c18796.jpg,fake::f23132_c18796,f23132_c18796,fake,1,0.49443408846855164,0
HiDF,D:\資料\專題\PY\deepfake\研討會\dataset_HiDF5000\test\fake\f23528_f22108.jpg,f23528_f22108.jpg,fake::f23528,f23528,fake,1,0.532181978225708,1
HiDF,D:\資料\專題\PY\deepfake\研討會\dataset_HiDF5000\test\fake\f23993_f22339.jpg,f23993_f22339.jpg,fake::f23993,f23993,fake,1,0.5475094318389893,1
HiDF,D:\資料\專題\PY\deepfake\研討會\dataset_HiDF5000\test\fake\f24054_f22401.jpg,f24054_f22401.jpg,fake::f24054,f24054,fake,1,0.49787139892578125,0
HiDF,D:\資料\專題\PY\deepfake\研討會\dataset_HiDF5000\test\fake\f24059_f22397.jpg,f24059_f22397.jpg,fake::f24059,f24059,fake,1,0.5379062294960022,1
HiDF,D:\資料\專題\PY\deepfake\研討會\dataset_HiDF5000\test\fake\f24212_f22402.jpg,f24212_f22402.jpg,fake::f24212,f24212,fake,1,0.5233442187309265,1
HiDF,D:\資料\專題\PY\deepfake\研討會\dataset_HiDF5000\test\fake\f24454_f22782.jpg,f24454_f22782.jpg,fake::f24454,f24454,fake,1,0.5164544582366943,1
HiDF,D:\資料\專題\PY\deepfake\研討會\dataset_HiDF5000\test\fake\f24596_f22892.jpg,f24596_f22892.jpg,fake::f24596,f24596,fake,1,0.4916980564594269,0
HiDF,D:\資料\專題\PY\deepfake\研討會\dataset_HiDF5000\test\fake\f24824_f23024.jpg,f24824_f23024.jpg,fake::f24824,f24824,fake,1,0.4661392569541931,0
HiDF,D:\資料\專題\PY\deepfake\研討會\dataset_HiDF5000\test\fake\f24842_f22968.jpg,f24842_f22968.jpg,fake::f24842,f24842,fake,1,0.49072179198265076,0
HiDF,D:\資料\專題\PY\deepfake\研討會\dataset_HiDF5000\test\fake\f24948_f23204.jpg,f24948_f23204.jpg,fake::f24948,f24948,fake,1,0.5466625094413757,1
HiDF,D:\資料\專題\PY\deepfake\研討會\dataset_HiDF5000\test\fake\f25131_f23266.jpg,f25131_f23266.jpg,fake::f25131,f25131,fake,1,0.530403733253479,1
HiDF,D:\資料\專題\PY\deepfake\研討會\dataset_HiDF5000\test\fake\f25879_f23876.jpg,f25879_f23876.jpg,fake::f25879,f25879,fake,1,0.4481998383998871,0
HiDF,D:\資料\專題\PY\deepfake\研討會\dataset_HiDF5000\test\fake\f25895_f23897.jpg,f25895_f23897.jpg,fake::f25895,f25895,fake,1,0.5067821145057678,1
HiDF,D:\資料\專題\PY\deepfake\研討會\dataset_HiDF5000\test\fake\f25896_f23882.jpg,f25896_f23882.jpg,fake::f25896,f25896,fake,1,0.5138742923736572,1
HiDF,D:\資料\專題\PY\deepfake\研討會\dataset_HiDF5000\test\fake\f26011_f02167.png,f26011_f02167.png,fake::f26011,f26011,fake,1,0.47066059708595276,0
HiDF,D:\資料\專題\PY\deepfake\研討會\dataset_HiDF5000\test\fake\f26682_c04199.jpg,f26682_c04199.jpg,fake::f26682_c04199,f26682_c04199,fake,1,0.533040463924408,1
HiDF,D:\資料\專題\PY\deepfake\研討會\dataset_HiDF5000\test\fake\f26944_c04392.jpg,f26944_c04392.jpg,fake::f26944_c04392,f26944_c04392,fake,1,0.5284193754196167,1
HiDF,D:\資料\專題\PY\deepfake\研討會\dataset_HiDF5000\test\fake\f27017_c04403.jpg,f27017_c04403.jpg,fake::f27017_c04403,f27017_c04403,fake,1,0.5108453631401062,1
HiDF,D:\資料\專題\PY\deepfake\研討會\dataset_HiDF5000\test\fake\f27347_c04620.jpg,f27347_c04620.jpg,fake::f27347_c04620,f27347_c04620,fake,1,0.5174108147621155,1
HiDF,D:\資料\專題\PY\deepfake\研討會\dataset_HiDF5000\test\fake\f27352_c04622.jpg,f27352_c04622.jpg,fake::f27352_c04622,f27352_c04622,fake,1,0.50042724609375,1
HiDF,D:\資料\專題\PY\deepfake\研討會\dataset_HiDF5000\test\fake\f27609_f26108.jpg,f27609_f26108.jpg,fake::f27609,f27609,fake,1,0.5185080766677856,1
HiDF,D:\資料\專題\PY\deepfake\研討會\dataset_HiDF5000\test\fake\f27793_f26237.jpg,f27793_f26237.jpg,fake::f27793,f27793,fake,1,0.5388163924217224,1
HiDF,D:\資料\專題\PY\deepfake\研討會\dataset_HiDF5000\test\fake\f28010_f26414.jpg,f28010_f26414.jpg,fake::f28010,f28010,fake,1,0.5153912305831909,1
HiDF,D:\資料\專題\PY\deepfake\研討會\dataset_HiDF5000\test\fake\f28420_f26714.jpg,f28420_f26714.jpg,fake::f28420,f28420,fake,1,0.5558872818946838,1
HiDF,D:\資料\專題\PY\deepfake\研討會\dataset_HiDF5000\test\fake\f28630_f26814.jpg,f28630_f26814.jpg,fake::f28630,f28630,fake,1,0.507897675037384,1
HiDF,D:\資料\專題\PY\deepfake\研討會\dataset_HiDF5000\test\fake\f28639_f26808.jpg,f28639_f26808.jpg,fake::f28639,f28639,fake,1,0.5085688829421997,1
HiDF,D:\資料\專題\PY\deepfake\研討會\dataset_HiDF5000\test\fake\f29361_f27639.jpg,f29361_f27639.jpg,fake::f29361,f29361,fake,1,0.5101323127746582,1
HiDF,D:\資料\專題\PY\deepfake\研討會\dataset_HiDF5000\test\fake\f29434_f27589.jpg,f29434_f27589.jpg,fake::f29434,f29434,fake,1,0.5080463886260986,1
HiDF,D:\資料\專題\PY\deepfake\研討會\dataset_HiDF5000\test\fake\f29504_f27736.jpg,f29504_f27736.jpg,fake::f29504,f29504,fake,1,0.5393016934394836,1
HiDF,D:\資料\專題\PY\deepfake\研討會\dataset_HiDF5000\test\fake\f29741_f28065.jpg,f29741_f28065.jpg,fake::f29741,f29741,fake,1,0.5003986358642578,1
HiDF,D:\資料\專題\PY\deepfake\研討會\dataset_HiDF5000\test\fake\f29979_f28210.jpg,f29979_f28210.jpg,fake::f29979,f29979,fake,1,0.5263351798057556,1
HiDF,D:\資料\專題\PY\deepfake\研討會\dataset_HiDF5000\test\fake\f30313_f28643.jpg,f30313_f28643.jpg,fake::f30313,f30313,fake,1,0.5550433397293091,1
HiDF,D:\資料\專題\PY\deepfake\研討會\dataset_HiDF5000\test\fake\f30319_f28659.jpg,f30319_f28659.jpg,fake::f30319,f30319,fake,1,0.5363432765007019,1
HiDF,D:\資料\專題\PY\deepfake\研討會\dataset_HiDF5000\test\fake\f30324_f28580.jpg,f30324_f28580.jpg,fake::f30324,f30324,fake,1,0.5285866856575012,1
HiDF,D:\資料\專題\PY\deepfake\研討會\dataset_HiDF5000\test\fake\f30414_f28763.jpg,f30414_f28763.jpg,fake::f30414,f30414,fake,1,0.5108529925346375,1
HiDF,D:\資料\專題\PY\deepfake\研討會\dataset_HiDF5000\test\fake\f30455_f28777.jpg,f30455_f28777.jpg,fake::f30455,f30455,fake,1,0.5415452122688293,1
HiDF,D:\資料\專題\PY\deepfake\研討會\dataset_HiDF5000\test\fake\f30708_f29107.jpg,f30708_f29107.jpg,fake::f30708,f30708,fake,1,0.5258025527000427,1
HiDF,D:\資料\專題\PY\deepfake\研討會\dataset_HiDF5000\test\fake\f31288_f29516.jpg,f31288_f29516.jpg,fake::f31288,f31288,fake,1,0.5192623138427734,1
HiDF,D:\資料\專題\PY\deepfake\研討會\dataset_HiDF5000\test\fake\f31390_f29555.jpg,f31390_f29555.jpg,fake::f31390,f31390,fake,1,0.47320836782455444,0
HiDF,D:\資料\專題\PY\deepfake\研討會\dataset_HiDF5000\test\fake\f31777_c05055.jpg,f31777_c05055.jpg,fake::f31777_c05055,f31777_c05055,fake,1,0.5212655663490295,1
HiDF,D:\資料\專題\PY\deepfake\研討會\dataset_HiDF5000\test\fake\f32024_f30536.jpg,f32024_f30536.jpg,fake::f32024,f32024,fake,1,0.5058128833770752,1
HiDF,D:\資料\專題\PY\deepfake\研討會\dataset_HiDF5000\test\fake\f32106_f30146.jpg,f32106_f30146.jpg,fake::f32106,f32106,fake,1,0.5343239903450012,1
HiDF,D:\資料\專題\PY\deepfake\研討會\dataset_HiDF5000\test\fake\f32325_f30323.jpg,f32325_f30323.jpg,fake::f32325,f32325,fake,1,0.48165953159332275,0
HiDF,D:\資料\專題\PY\deepfake\研討會\dataset_HiDF5000\test\fake\f32480_f30500.jpg,f32480_f30500.jpg,fake::f32480,f32480,fake,1,0.5462692379951477,1
HiDF,D:\資料\專題\PY\deepfake\研討會\dataset_HiDF5000\test\fake\f32752_f30853.jpg,f32752_f30853.jpg,fake::f32752,f32752,fake,1,0.5325390696525574,1
HiDF,D:\資料\專題\PY\deepfake\研討會\dataset_HiDF5000\test\fake\f32906_f31030.jpg,f32906_f31030.jpg,fake::f32906,f32906,fake,1,0.5035411715507507,1
HiDF,D:\資料\專題\PY\deepfake\研討會\dataset_HiDF5000\test\fake\f32925_f31074.jpg,f32925_f31074.jpg,fake::f32925,f32925,fake,1,0.5565652847290039,1
HiDF,D:\資料\專題\PY\deepfake\研討會\dataset_HiDF5000\test\fake\f32960_f31070.jpg,f32960_f31070.jpg,fake::f32960,f32960,fake,1,0.5073866248130798,1
HiDF,D:\資料\專題\PY\deepfake\研討會\dataset_HiDF5000\test\fake\f33103_f31307.jpg,f33103_f31307.jpg,fake::f33103,f33103,fake,1,0.5582667589187622,1
HiDF,D:\資料\專題\PY\deepfake\研討會\dataset_HiDF5000\test\fake\f33190_f31266.jpg,f33190_f31266.jpg,fake::f33190,f33190,fake,1,0.5028337836265564,1
HiDF,D:\資料\專題\PY\deepfake\研討會\dataset_HiDF5000\test\fake\f33212_f31369.jpg,f33212_f31369.jpg,fake::f33212,f33212,fake,1,0.4997882843017578,0
HiDF,D:\資料\專題\PY\deepfake\研討會\dataset_HiDF5000\test\fake\f33341_f31364.jpg,f33341_f31364.jpg,fake::f33341,f33341,fake,1,0.5037696957588196,1
HiDF,D:\資料\專題\PY\deepfake\研討會\dataset_HiDF5000\test\fake\f33393_f31520.jpg,f33393_f31520.jpg,fake::f33393,f33393,fake,1,0.4837398827075958,0
HiDF,D:\資料\專題\PY\deepfake\研討會\dataset_HiDF5000\test\fake\f33458_f31522.jpg,f33458_f31522.jpg,fake::f33458,f33458,fake,1,0.5345062017440796,1
HiDF,D:\資料\專題\PY\deepfake\研討會\dataset_HiDF5000\test\fake\f33590_f31653.jpg,f33590_f31653.jpg,fake::f33590,f33590,fake,1,0.5309737324714661,1
HiDF,D:\資料\專題\PY\deepfake\研討會\dataset_HiDF5000\test\fake\f33831_f31838.jpg,f33831_f31838.jpg,fake::f33831,f33831,fake,1,0.5253612399101257,1
HiDF,D:\資料\專題\PY\deepfake\研討會\dataset_HiDF5000\test\fake\f33911_f31947.jpg,f33911_f31947.jpg,fake::f33911,f33911,fake,1,0.4858703315258026,0
HiDF,D:\資料\專題\PY\deepfake\研討會\dataset_HiDF5000\test\fake\f34327_f00039.jpg,f34327_f00039.jpg,fake::f34327,f34327,fake,1,0.5018224716186523,1
HiDF,D:\資料\專題\PY\deepfake\研討會\dataset_HiDF5000\test\fake\f34428_f00102.jpg,f34428_f00102.jpg,fake::f34428,f34428,fake,1,0.5674272775650024,1
HiDF,D:\資料\專題\PY\deepfake\研討會\dataset_HiDF5000\test\fake\f34482_f32925.jpg,f34482_f32925.jpg,fake::f34482,f34482,fake,1,0.5332531332969666,1
HiDF,D:\資料\專題\PY\deepfake\研討會\dataset_HiDF5000\test\fake\f34494_f32925.jpg,f34494_f32925.jpg,fake::f34494,f34494,fake,1,0.5265786051750183,1
HiDF,D:\資料\專題\PY\deepfake\研討會\dataset_HiDF5000\test\fake\f34748_f33124.jpg,f34748_f33124.jpg,fake::f34748,f34748,fake,1,0.5454219579696655,1
HiDF,D:\資料\專題\PY\deepfake\研討會\dataset_HiDF5000\test\fake\f34927_f33327.jpg,f34927_f33327.jpg,fake::f34927,f34927,fake,1,0.5463600158691406,1
HiDF,D:\資料\專題\PY\deepfake\研討會\dataset_HiDF5000\test\fake\f35017_f33452.jpg,f35017_f33452.jpg,fake::f35017,f35017,fake,1,0.5284117460250854,1
HiDF,D:\資料\專題\PY\deepfake\研討會\dataset_HiDF5000\test\fake\f35178_f33579.jpg,f35178_f33579.jpg,fake::f35178,f35178,fake,1,0.5223087668418884,1
HiDF,D:\資料\專題\PY\deepfake\研討會\dataset_HiDF5000\test\fake\f35598_f32769.jpg,f35598_f32769.jpg,fake::f35598,f35598,fake,1,0.49675825238227844,0
HiDF,D:\資料\專題\PY\deepfake\研討會\dataset_HiDF5000\test\fake\f35827_f34131.jpg,f35827_f34131.jpg,fake::f35827,f35827,fake,1,0.5238770842552185,1
HiDF,D:\資料\專題\PY\deepfake\研討會\dataset_HiDF5000\test\fake\f35891_f34275.jpg,f35891_f34275.jpg,fake::f35891,f35891,fake,1,0.5347719192504883,1
HiDF,D:\資料\專題\PY\deepfake\研討會\dataset_HiDF5000\test\fake\f35941_f34159.jpg,f35941_f34159.jpg,fake::f35941,f35941,fake,1,0.5086889863014221,1
HiDF,D:\資料\專題\PY\deepfake\研討會\dataset_HiDF5000\test\fake\f36021_f34436.jpg,f36021_f34436.jpg,fake::f36021,f36021,fake,1,0.5080711841583252,1
HiDF,D:\資料\專題\PY\deepfake\研討會\dataset_HiDF5000\test\fake\f36089_f34405.jpg,f36089_f34405.jpg,fake::f36089,f36089,fake,1,0.5193232893943787,1
HiDF,D:\資料\專題\PY\deepfake\研討會\dataset_HiDF5000\test\fake\f36137_f34431.jpg,f36137_f34431.jpg,fake::f36137,f36137,fake,1,0.4300575852394104,0
HiDF,D:\資料\專題\PY\deepfake\研討會\dataset_HiDF5000\test\fake\f36370_f34718.jpg,f36370_f34718.jpg,fake::f36370,f36370,fake,1,0.5228493809700012,1
HiDF,D:\資料\專題\PY\deepfake\研討會\dataset_HiDF5000\test\fake\f36392_f34730.jpg,f36392_f34730.jpg,fake::f36392,f36392,fake,1,0.5265405774116516,1
HiDF,D:\資料\專題\PY\deepfake\研討會\dataset_HiDF5000\test\fake\f36579_f34975.jpg,f36579_f34975.jpg,fake::f36579,f36579,fake,1,0.5475397109985352,1
HiDF,D:\資料\專題\PY\deepfake\研討會\dataset_HiDF5000\test\fake\f36837_f35160.jpg,f36837_f35160.jpg,fake::f36837,f36837,fake,1,0.51994788646698,1
HiDF,D:\資料\專題\PY\deepfake\研討會\dataset_HiDF5000\test\fake\f37072_f35450.jpg,f37072_f35450.jpg,fake::f37072,f37072,fake,1,0.5206105709075928,1
HiDF,D:\資料\專題\PY\deepfake\研討會\dataset_HiDF5000\test\fake\f37145_f35576.jpg,f37145_f35576.jpg,fake::f37145,f37145,fake,1,0.5084373354911804,1
HiDF,D:\資料\專題\PY\deepfake\研討會\dataset_HiDF5000\test\fake\f37456_f35859.jpg,f37456_f35859.jpg,fake::f37456,f37456,fake,1,0.5081779956817627,1
HiDF,D:\資料\專題\PY\deepfake\研討會\dataset_HiDF5000\test\fake\f37521_f36069.jpg,f37521_f36069.jpg,fake::f37521,f37521,fake,1,0.5220727324485779,1
HiDF,D:\資料\專題\PY\deepfake\研討會\dataset_HiDF5000\test\fake\f37526_f36027.jpg,f37526_f36027.jpg,fake::f37526,f37526,fake,1,0.49449944496154785,0
HiDF,D:\資料\專題\PY\deepfake\研討會\dataset_HiDF5000\test\fake\f37802_f36323.jpg,f37802_f36323.jpg,fake::f37802,f37802,fake,1,0.5080711841583252,1
HiDF,D:\資料\專題\PY\deepfake\研討會\dataset_HiDF5000\test\fake\f37847_f36400.jpg,f37847_f36400.jpg,fake::f37847,f37847,fake,1,0.524653434753418,1
HiDF,D:\資料\專題\PY\deepfake\研討會\dataset_HiDF5000\test\fake\f37927_f36360.jpg,f37927_f36360.jpg,fake::f37927,f37927,fake,1,0.513207197189331,1
HiDF,D:\資料\專題\PY\deepfake\研討會\dataset_HiDF5000\test\fake\f38210_f36792.jpg,f38210_f36792.jpg,fake::f38210,f38210,fake,1,0.536176323890686,1
HiDF,D:\資料\專題\PY\deepfake\研討會\dataset_HiDF5000\test\fake\f38464_f37122.jpg,f38464_f37122.jpg,fake::f38464,f38464,fake,1,0.5241739153862,1
HiDF,D:\資料\專題\PY\deepfake\研討會\dataset_HiDF5000\test\fake\f38627_f37151.jpg,f38627_f37151.jpg,fake::f38627,f38627,fake,1,0.503826379776001,1
HiDF,D:\資料\專題\PY\deepfake\研討會\dataset_HiDF5000\test\fake\f38709_f37403.jpg,f38709_f37403.jpg,fake::f38709,f38709,fake,1,0.5242424607276917,1
HiDF,D:\資料\專題\PY\deepfake\研討會\dataset_HiDF5000\test\fake\f38810_f37570.jpg,f38810_f37570.jpg,fake::f38810,f38810,fake,1,0.5306089520454407,1
HiDF,D:\資料\專題\PY\deepfake\研討會\dataset_HiDF5000\test\fake\f38861_f37500.jpg,f38861_f37500.jpg,fake::f38861,f38861,fake,1,0.5350452661514282,1
HiDF,D:\資料\專題\PY\deepfake\研討會\dataset_HiDF5000\test\fake\f38903_f37641.jpg,f38903_f37641.jpg,fake::f38903,f38903,fake,1,0.48815566301345825,0
HiDF,D:\資料\專題\PY\deepfake\研討會\dataset_HiDF5000\test\fake\f38961_f37648.jpg,f38961_f37648.jpg,fake::f38961,f38961,fake,1,0.5340126156806946,1
HiDF,D:\資料\專題\PY\deepfake\研討會\dataset_HiDF5000\test\fake\f38981_f37647.jpg,f38981_f37647.jpg,fake::f38981,f38981,fake,1,0.5013828277587891,1
HiDF,D:\資料\專題\PY\deepfake\研討會\dataset_HiDF5000\test\fake\f39046_f37999.jpg,f39046_f37999.jpg,fake::f39046,f39046,fake,1,0.5259242653846741,1
HiDF,D:\資料\專題\PY\deepfake\研討會\dataset_HiDF5000\test\fake\f39245_f38300.jpg,f39245_f38300.jpg,fake::f39245,f39245,fake,1,0.5527660846710205,1
HiDF,D:\資料\專題\PY\deepfake\研討會\dataset_HiDF5000\test\fake\f39312_f38349.jpg,f39312_f38349.jpg,fake::f39312,f39312,fake,1,0.47193050384521484,0
HiDF,D:\資料\專題\PY\deepfake\研討會\dataset_HiDF5000\test\fake\f39422_f38539.jpg,f39422_f38539.jpg,fake::f39422,f39422,fake,1,0.5135159492492676,1
HiDF,D:\資料\專題\PY\deepfake\研討會\dataset_HiDF5000\test\fake\f39440_f38468.jpg,f39440_f38468.jpg,fake::f39440,f39440,fake,1,0.4898371696472168,0
HiDF,D:\資料\專題\PY\deepfake\研討會\dataset_HiDF5000\test\fake\f39451_f38587.jpg,f39451_f38587.jpg,fake::f39451,f39451,fake,1,0.5054795742034912,1
HiDF,D:\資料\專題\PY\deepfake\研討會\dataset_HiDF5000\test\fake\f39644_f39129.jpg,f39644_f39129.jpg,fake::f39644,f39644,fake,1,0.518363356590271,1
HiDF,D:\資料\專題\PY\deepfake\研討會\dataset_HiDF5000\test\fake\f39827_f39374.jpg,f39827_f39374.jpg,fake::f39827,f39827,fake,1,0.5614553093910217,1
HiDF,D:\資料\專題\PY\deepfake\研討會\dataset_HiDF5000\test\fake\f40028_f24052.jpg,f40028_f24052.jpg,fake::f40028,f40028,fake,1,0.5180737972259521,1
HiDF,D:\資料\專題\PY\deepfake\研討會\dataset_HiDF5000\test\fake\f40058_f24069.jpg,f40058_f24069.jpg,fake::f40058,f40058,fake,1,0.5143393278121948,1
HiDF,D:\資料\專題\PY\deepfake\研討會\dataset_HiDF5000\test\fake\f40341_f24320.jpg,f40341_f24320.jpg,fake::f40341,f40341,fake,1,0.517829954624176,1
HiDF,D:\資料\專題\PY\deepfake\研討會\dataset_HiDF5000\test\fake\f40468_f24407.jpg,f40468_f24407.jpg,fake::f40468,f40468,fake,1,0.48470404744148254,0
HiDF,D:\資料\專題\PY\deepfake\研討會\dataset_HiDF5000\test\fake\f40780_f24916.jpg,f40780_f24916.jpg,fake::f40780,f40780,fake,1,0.5030149817466736,1
HiDF,D:\資料\專題\PY\deepfake\研討會\dataset_HiDF5000\test\fake\f40992_f25098.jpg,f40992_f25098.jpg,fake::f40992,f40992,fake,1,0.5127764344215393,1
HiDF,D:\資料\專題\PY\deepfake\研討會\dataset_HiDF5000\test\fake\f40993_f25092.jpg,f40993_f25092.jpg,fake::f40993,f40993,fake,1,0.532204806804657,1
HiDF,D:\資料\專題\PY\deepfake\研討會\dataset_HiDF5000\test\fake\f41018_f25109.jpg,f41018_f25109.jpg,fake::f41018,f41018,fake,1,0.5056397914886475,1
HiDF,D:\資料\專題\PY\deepfake\研討會\dataset_HiDF5000\test\fake\f41026_f25135.jpg,f41026_f25135.jpg,fake::f41026,f41026,fake,1,0.5012321472167969,1
HiDF,D:\資料\專題\PY\deepfake\研討會\dataset_HiDF5000\test\fake\f41496_f25639.jpg,f41496_f25639.jpg,fake::f41496,f41496,fake,1,0.4943692684173584,0
HiDF,D:\資料\專題\PY\deepfake\研討會\dataset_HiDF5000\test\fake\f41604_f25635.jpg,f41604_f25635.jpg,fake::f41604,f41604,fake,1,0.5263351798057556,1
HiDF,D:\資料\專題\PY\deepfake\研討會\dataset_HiDF5000\test\fake\f41653_f25806.jpg,f41653_f25806.jpg,fake::f41653,f41653,fake,1,0.5667080879211426,1
HiDF,D:\資料\專題\PY\deepfake\研討會\dataset_HiDF5000\test\fake\f41825_f40034.jpg,f41825_f40034.jpg,fake::f41825,f41825,fake,1,0.5618008971214294,1
HiDF,D:\資料\專題\PY\deepfake\研討會\dataset_HiDF5000\test\fake\f41887_f40190.jpg,f41887_f40190.jpg,fake::f41887,f41887,fake,1,0.5272480845451355,1
HiDF,D:\資料\專題\PY\deepfake\研討會\dataset_HiDF5000\test\fake\f41943_f40135.jpg,f41943_f40135.jpg,fake::f41943,f41943,fake,1,0.5094535946846008,1
HiDF,D:\資料\專題\PY\deepfake\研討會\dataset_HiDF5000\test\fake\f41947_f40181.jpg,f41947_f40181.jpg,fake::f41947,f41947,fake,1,0.5142173171043396,1
HiDF,D:\資料\專題\PY\deepfake\研討會\dataset_HiDF5000\test\fake\f41952_f28351.jpg,f41952_f28351.jpg,fake::f41952,f41952,fake,1,0.42161136865615845,0
HiDF,D:\資料\專題\PY\deepfake\研討會\dataset_HiDF5000\test\fake\f55094_c27451.jpg,f55094_c27451.jpg,fake::f55094_c27451,f55094_c27451,fake,1,0.5111809372901917,1
HiDF,D:\資料\專題\PY\deepfake\研討會\dataset_HiDF5000\test\fake\f55245_c24980.jpg,f55245_c24980.jpg,fake::f55245_c24980,f55245_c24980,fake,1,0.5099188089370728,1
HiDF,D:\資料\專題\PY\deepfake\研討會\dataset_HiDF5000\test\fake\f55467_c00791.jpg,f55467_c00791.jpg,fake::f55467_c00791,f55467_c00791,fake,1,0.5056898593902588,1
HiDF,D:\資料\專題\PY\deepfake\研討會\dataset_HiDF5000\test\fake\f55951_c19906.jpg,f55951_c19906.jpg,fake::f55951_c19906,f55951_c19906,fake,1,0.5182223916053772,1
HiDF,D:\資料\專題\PY\deepfake\研討會\dataset_HiDF5000\test\fake\f55986_c23695.jpg,f55986_c23695.jpg,fake::f55986_c23695,f55986_c23695,fake,1,0.5001487731933594,1
HiDF,D:\資料\專題\PY\deepfake\研討會\dataset_HiDF5000\test\real\c00048.jpg,c00048.jpg,real::c00048,c00048,real,0,0.45607665181159973,0
HiDF,D:\資料\專題\PY\deepfake\研討會\dataset_HiDF5000\test\real\c00057.jpg,c00057.jpg,real::c00057,c00057,real,0,0.42262381315231323,0
HiDF,D:\資料\專題\PY\deepfake\研討會\dataset_HiDF5000\test\real\c00096.jpg,c00096.jpg,real::c00096,c00096,real,0,0.4263215959072113,0
HiDF,D:\資料\專題\PY\deepfake\研討會\dataset_HiDF5000\test\real\c00130.jpg,c00130.jpg,real::c00130,c00130,real,0,0.5062824487686157,1
HiDF,D:\資料\專題\PY\deepfake\研討會\dataset_HiDF5000\test\real\c00659.jpg,c00659.jpg,real::c00659,c00659,real,0,0.41878604888916016,0
HiDF,D:\資料\專題\PY\deepfake\研討會\dataset_HiDF5000\test\real\c00772.jpg,c00772.jpg,real::c00772,c00772,real,0,0.34997695684432983,0
HiDF,D:\資料\專題\PY\deepfake\研討會\dataset_HiDF5000\test\real\c01616.jpg,c01616.jpg,real::c01616,c01616,real,0,0.47747802734375,0
HiDF,D:\資料\專題\PY\deepfake\研討會\dataset_HiDF5000\test\real\c01634.jpg,c01634.jpg,real::c01634,c01634,real,0,0.4172121286392212,0
HiDF,D:\資料\專題\PY\deepfake\研討會\dataset_HiDF5000\test\real\c01979.jpg,c01979.jpg,real::c01979,c01979,real,0,0.47534653544425964,0
HiDF,D:\資料\專題\PY\deepfake\研討會\dataset_HiDF5000\test\real\c02040.jpg,c02040.jpg,real::c02040,c02040,real,0,0.5016317367553711,1
HiDF,D:\資料\專題\PY\deepfake\研討會\dataset_HiDF5000\test\real\c02158.jpg,c02158.jpg,real::c02158,c02158,real,0,0.4262320101261139,0
HiDF,D:\資料\專題\PY\deepfake\研討會\dataset_HiDF5000\test\real\c02562.jpg,c02562.jpg,real::c02562,c02562,real,0,0.44074004888534546,0
HiDF,D:\資料\專題\PY\deepfake\研討會\dataset_HiDF5000\test\real\c02992.jpg,c02992.jpg,real::c02992,c02992,real,0,0.4500119090080261,0
HiDF,D:\資料\專題\PY\deepfake\研討會\dataset_HiDF5000\test\real\c03079.jpg,c03079.jpg,real::c03079,c03079,real,0,0.47759222984313965,0
HiDF,D:\資料\專題\PY\deepfake\研討會\dataset_HiDF5000\test\real\c03381.jpg,c03381.jpg,real::c03381,c03381,real,0,0.47324642539024353,0
HiDF,D:\資料\專題\PY\deepfake\研討會\dataset_HiDF5000\test\real\c03706.jpg,c03706.jpg,real::c03706,c03706,real,0,0.41525447368621826,0
HiDF,D:\資料\專題\PY\deepfake\研討會\dataset_HiDF5000\test\real\c04178.jpg,c04178.jpg,real::c04178,c04178,real,0,0.4693378508090973,0
HiDF,D:\資料\專題\PY\deepfake\研討會\dataset_HiDF5000\test\real\c04269.jpg,c04269.jpg,real::c04269,c04269,real,0,0.4314344525337219,0
HiDF,D:\資料\專題\PY\deepfake\研討會\dataset_HiDF5000\test\real\c04319.jpg,c04319.jpg,real::c04319,c04319,real,0,0.46314072608947754,0
HiDF,D:\資料\專題\PY\deepfake\研討會\dataset_HiDF5000\test\real\c04538.jpg,c04538.jpg,real::c04538,c04538,real,0,0.3891982436180115,0
HiDF,D:\資料\專題\PY\deepfake\研討會\dataset_HiDF5000\test\real\c04674.jpg,c04674.jpg,real::c04674,c04674,real,0,0.41617363691329956,0
HiDF,D:\資料\專題\PY\deepfake\研討會\dataset_HiDF5000\test\real\c04833.jpg,c04833.jpg,real::c04833,c04833,real,0,0.43245285749435425,0
HiDF,D:\資料\專題\PY\deepfake\研討會\dataset_HiDF5000\test\real\c05078.jpg,c05078.jpg,real::c05078,c05078,real,0,0.45595553517341614,0
HiDF,D:\資料\專題\PY\deepfake\研討會\dataset_HiDF5000\test\real\c05270.jpg,c05270.jpg,real::c05270,c05270,real,0,0.41321074962615967,0
HiDF,D:\資料\專題\PY\deepfake\研討會\dataset_HiDF5000\test\real\c10021.jpeg,c10021.jpeg,real::c10021,c10021,real,0,0.5275599360466003,1
HiDF,D:\資料\專題\PY\deepfake\研討會\dataset_HiDF5000\test\real\c10536.jpg,c10536.jpg,real::c10536,c10536,real,0,0.4392060935497284,0
HiDF,D:\資料\專題\PY\deepfake\研討會\dataset_HiDF5000\test\real\c10538.jpg,c10538.jpg,real::c10538,c10538,real,0,0.41205692291259766,0
HiDF,D:\資料\專題\PY\deepfake\研討會\dataset_HiDF5000\test\real\c10594.jpg,c10594.jpg,real::c10594,c10594,real,0,0.4908933937549591,0
HiDF,D:\資料\專題\PY\deepfake\研討會\dataset_HiDF5000\test\real\c10667.jpg,c10667.jpg,real::c10667,c10667,real,0,0.4780034124851227,0
HiDF,D:\資料\專題\PY\deepfake\研討會\dataset_HiDF5000\test\real\c10762.jpg,c10762.jpg,real::c10762,c10762,real,0,0.4651293456554413,0
HiDF,D:\資料\專題\PY\deepfake\研討會\dataset_HiDF5000\test\real\c11002.jpg,c11002.jpg,real::c11002,c11002,real,0,0.4593489468097687,0
HiDF,D:\資料\專題\PY\deepfake\研討會\dataset_HiDF5000\test\real\c11586.jpg,c11586.jpg,real::c11586,c11586,real,0,0.4664430022239685,0
HiDF,D:\資料\專題\PY\deepfake\研討會\dataset_HiDF5000\test\real\c11836.jpg,c11836.jpg,real::c11836,c11836,real,0,0.4150766432285309,0
HiDF,D:\資料\專題\PY\deepfake\研討會\dataset_HiDF5000\test\real\c12080.jpg,c12080.jpg,real::c12080,c12080,real,0,0.485782653093338,0
HiDF,D:\資料\專題\PY\deepfake\研討會\dataset_HiDF5000\test\real\c12329.jpg,c12329.jpg,real::c12329,c12329,real,0,0.4374629557132721,0
HiDF,D:\資料\專題\PY\deepfake\研討會\dataset_HiDF5000\test\real\c12354.jpg,c12354.jpg,real::c12354,c12354,real,0,0.49235403537750244,0
HiDF,D:\資料\專題\PY\deepfake\研討會\dataset_HiDF5000\test\real\c12397.jpg,c12397.jpg,real::c12397,c12397,real,0,0.4060668349266052,0
HiDF,D:\資料\專題\PY\deepfake\研討會\dataset_HiDF5000\test\real\c12529.jpg,c12529.jpg,real::c12529,c12529,real,0,0.44486624002456665,0
HiDF,D:\資料\專題\PY\deepfake\研討會\dataset_HiDF5000\test\real\c12973.jpg,c12973.jpg,real::c12973,c12973,real,0,0.47185441851615906,0
HiDF,D:\資料\專題\PY\deepfake\研討會\dataset_HiDF5000\test\real\c13036.jpg,c13036.jpg,real::c13036,c13036,real,0,0.4081588089466095,0
HiDF,D:\資料\專題\PY\deepfake\研討會\dataset_HiDF5000\test\real\c13253.jpg,c13253.jpg,real::c13253,c13253,real,0,0.3996066153049469,0
HiDF,D:\資料\專題\PY\deepfake\研討會\dataset_HiDF5000\test\real\c13470.jpg,c13470.jpg,real::c13470,c13470,real,0,0.46481046080589294,0
HiDF,D:\資料\專題\PY\deepfake\研討會\dataset_HiDF5000\test\real\c13515.jpg,c13515.jpg,real::c13515,c13515,real,0,0.4683498740196228,0
HiDF,D:\資料\專題\PY\deepfake\研討會\dataset_HiDF5000\test\real\c13785.jpg,c13785.jpg,real::c13785,c13785,real,0,0.4458009600639343,0
HiDF,D:\資料\專題\PY\deepfake\研討會\dataset_HiDF5000\test\real\c13817.jpg,c13817.jpg,real::c13817,c13817,real,0,0.47300297021865845,0
HiDF,D:\資料\專題\PY\deepfake\研討會\dataset_HiDF5000\test\real\c13846.jpg,c13846.jpg,real::c13846,c13846,real,0,0.414958119392395,0
HiDF,D:\資料\專題\PY\deepfake\研討會\dataset_HiDF5000\test\real\c13900.jpg,c13900.jpg,real::c13900,c13900,real,0,0.4323030114173889,0
HiDF,D:\資料\專題\PY\deepfake\研討會\dataset_HiDF5000\test\real\c14107.jpg,c14107.jpg,real::c14107,c14107,real,0,0.4801435172557831,0
HiDF,D:\資料\專題\PY\deepfake\研討會\dataset_HiDF5000\test\real\c14496.jpg,c14496.jpg,real::c14496,c14496,real,0,0.430596262216568,0
HiDF,D:\資料\專題\PY\deepfake\研討會\dataset_HiDF5000\test\real\c14590.jpg,c14590.jpg,real::c14590,c14590,real,0,0.41288521885871887,0
HiDF,D:\資料\專題\PY\deepfake\研討會\dataset_HiDF5000\test\real\c14860.jpg,c14860.jpg,real::c14860,c14860,real,0,0.4041840434074402,0
HiDF,D:\資料\專題\PY\deepfake\研討會\dataset_HiDF5000\test\real\c14942.jpg,c14942.jpg,real::c14942,c14942,real,0,0.4572124779224396,0
HiDF,D:\資料\專題\PY\deepfake\研討會\dataset_HiDF5000\test\real\c15101.jpg,c15101.jpg,real::c15101,c15101,real,0,0.46000081300735474,0
HiDF,D:\資料\專題\PY\deepfake\研討會\dataset_HiDF5000\test\real\c15345.jpg,c15345.jpg,real::c15345,c15345,real,0,0.4427569508552551,0
HiDF,D:\資料\專題\PY\deepfake\研討會\dataset_HiDF5000\test\real\c15397.jpg,c15397.jpg,real::c15397,c15397,real,0,0.422087699174881,0
HiDF,D:\資料\專題\PY\deepfake\研討會\dataset_HiDF5000\test\real\c15562.jpg,c15562.jpg,real::c15562,c15562,real,0,0.447083055973053,0
HiDF,D:\資料\專題\PY\deepfake\研討會\dataset_HiDF5000\test\real\c15860.jpg,c15860.jpg,real::c15860,c15860,real,0,0.4551834762096405,0
HiDF,D:\資料\專題\PY\deepfake\研討會\dataset_HiDF5000\test\real\c15901.jpg,c15901.jpg,real::c15901,c15901,real,0,0.4793437421321869,0
HiDF,D:\資料\專題\PY\deepfake\研討會\dataset_HiDF5000\test\real\c16033.jpg,c16033.jpg,real::c16033,c16033,real,0,0.4740604758262634,0
HiDF,D:\資料\專題\PY\deepfake\研討會\dataset_HiDF5000\test\real\c16494.jpg,c16494.jpg,real::c16494,c16494,real,0,0.4323030114173889,0
HiDF,D:\資料\專題\PY\deepfake\研討會\dataset_HiDF5000\test\real\c16562.jpg,c16562.jpg,real::c16562,c16562,real,0,0.43161413073539734,0
HiDF,D:\資料\專題\PY\deepfake\研討會\dataset_HiDF5000\test\real\c16768.jpg,c16768.jpg,real::c16768,c16768,real,0,0.42247483134269714,0
HiDF,D:\資料\專題\PY\deepfake\研討會\dataset_HiDF5000\test\real\c16956.jpg,c16956.jpg,real::c16956,c16956,real,0,0.48822811245918274,0
HiDF,D:\資料\專題\PY\deepfake\研討會\dataset_HiDF5000\test\real\c17242.jpg,c17242.jpg,real::c17242,c17242,real,0,0.41377320885658264,0
HiDF,D:\資料\專題\PY\deepfake\研討會\dataset_HiDF5000\test\real\c17392.jpg,c17392.jpg,real::c17392,c17392,real,0,0.45824265480041504,0
HiDF,D:\資料\專題\PY\deepfake\研討會\dataset_HiDF5000\test\real\c17686.jpg,c17686.jpg,real::c17686,c17686,real,0,0.44480592012405396,0
HiDF,D:\資料\專題\PY\deepfake\研討會\dataset_HiDF5000\test\real\c17968.jpg,c17968.jpg,real::c17968,c17968,real,0,0.4356314241886139,0
HiDF,D:\資料\專題\PY\deepfake\研討會\dataset_HiDF5000\test\real\c18139.jpg,c18139.jpg,real::c18139,c18139,real,0,0.44229018688201904,0
HiDF,D:\資料\專題\PY\deepfake\研討會\dataset_HiDF5000\test\real\c18236.jpg,c18236.jpg,real::c18236,c18236,real,0,0.4840790331363678,0
HiDF,D:\資料\專題\PY\deepfake\研討會\dataset_HiDF5000\test\real\c18288.jpg,c18288.jpg,real::c18288,c18288,real,0,0.42533668875694275,0
HiDF,D:\資料\專題\PY\deepfake\研討會\dataset_HiDF5000\test\real\c18448.jpg,c18448.jpg,real::c18448,c18448,real,0,0.42996782064437866,0
HiDF,D:\資料\專題\PY\deepfake\研討會\dataset_HiDF5000\test\real\c18851.jpg,c18851.jpg,real::c18851,c18851,real,0,0.4332919418811798,0
HiDF,D:\資料\專題\PY\deepfake\研討會\dataset_HiDF5000\test\real\c18855.jpg,c18855.jpg,real::c18855,c18855,real,0,0.4040370583534241,0
HiDF,D:\資料\專題\PY\deepfake\研討會\dataset_HiDF5000\test\real\c18950.jpg,c18950.jpg,real::c18950,c18950,real,0,0.4492717683315277,0
HiDF,D:\資料\專題\PY\deepfake\研討會\dataset_HiDF5000\test\real\c18990.jpg,c18990.jpg,real::c18990,c18990,real,0,0.4482753276824951,0
HiDF,D:\資料\專題\PY\deepfake\研討會\dataset_HiDF5000\test\real\c19180.jpg,c19180.jpg,real::c19180,c19180,real,0,0.42605292797088623,0
HiDF,D:\資料\專題\PY\deepfake\研討會\dataset_HiDF5000\test\real\c19449.jpg,c19449.jpg,real::c19449,c19449,real,0,0.41917237639427185,0
HiDF,D:\資料\專題\PY\deepfake\研討會\dataset_HiDF5000\test\real\c19624.jpg,c19624.jpg,real::c19624,c19624,real,0,0.4928908348083496,0
HiDF,D:\資料\專題\PY\deepfake\研討會\dataset_HiDF5000\test\real\c20329.jpg,c20329.jpg,real::c20329,c20329,real,0,0.42919009923934937,0
HiDF,D:\資料\專題\PY\deepfake\研討會\dataset_HiDF5000\test\real\c20748.jpg,c20748.jpg,real::c20748,c20748,real,0,0.4895664155483246,0
HiDF,D:\資料\專題\PY\deepfake\研討會\dataset_HiDF5000\test\real\c20875.jpg,c20875.jpg,real::c20875,c20875,real,0,0.4155806005001068,0
HiDF,D:\資料\專題\PY\deepfake\研討會\dataset_HiDF5000\test\real\c20980.jpg,c20980.jpg,real::c20980,c20980,real,0,0.4555164873600006,0
HiDF,D:\資料\專題\PY\deepfake\研討會\dataset_HiDF5000\test\real\c21115.jpg,c21115.jpg,real::c21115,c21115,real,0,0.49982452392578125,0
HiDF,D:\資料\專題\PY\deepfake\研討會\dataset_HiDF5000\test\real\c21242.jpg,c21242.jpg,real::c21242,c21242,real,0,0.4215220808982849,0
HiDF,D:\資料\專題\PY\deepfake\研討會\dataset_HiDF5000\test\real\c21318.jpg,c21318.jpg,real::c21318,c21318,real,0,0.4663518965244293,0
HiDF,D:\資料\專題\PY\deepfake\研討會\dataset_HiDF5000\test\real\c21380.jpg,c21380.jpg,real::c21380,c21380,real,0,0.4613049626350403,0
HiDF,D:\資料\專題\PY\deepfake\研討會\dataset_HiDF5000\test\real\c21463.jpg,c21463.jpg,real::c21463,c21463,real,0,0.4034787118434906,0
HiDF,D:\資料\專題\PY\deepfake\研討會\dataset_HiDF5000\test\real\c21737.jpg,c21737.jpg,real::c21737,c21737,real,0,0.4204806089401245,0
HiDF,D:\資料\專題\PY\deepfake\研討會\dataset_HiDF5000\test\real\c21829.jpg,c21829.jpg,real::c21829,c21829,real,0,0.46670129895210266,0
HiDF,D:\資料\專題\PY\deepfake\研討會\dataset_HiDF5000\test\real\c21932.jpg,c21932.jpg,real::c21932,c21932,real,0,0.428562194108963,0
HiDF,D:\資料\專題\PY\deepfake\研討會\dataset_HiDF5000\test\real\c22122.jpg,c22122.jpg,real::c22122,c22122,real,0,0.5042255520820618,1
HiDF,D:\資料\專題\PY\deepfake\研討會\dataset_HiDF5000\test\real\c22456.jpg,c22456.jpg,real::c22456,c22456,real,0,0.4451676905155182,0
HiDF,D:\資料\專題\PY\deepfake\研討會\dataset_HiDF5000\test\real\c22490.jpg,c22490.jpg,real::c22490,c22490,real,0,0.44500190019607544,0
HiDF,D:\資料\專題\PY\deepfake\研討會\dataset_HiDF5000\test\real\c22883.jpg,c22883.jpg,real::c22883,c22883,real,0,0.4580911099910736,0
HiDF,D:\資料\專題\PY\deepfake\研討會\dataset_HiDF5000\test\real\c23273.jpg,c23273.jpg,real::c23273,c23273,real,0,0.4176871180534363,0
HiDF,D:\資料\專題\PY\deepfake\研討會\dataset_HiDF5000\test\real\c23451.jpg,c23451.jpg,real::c23451,c23451,real,0,0.444233238697052,0
HiDF,D:\資料\專題\PY\deepfake\研討會\dataset_HiDF5000\test\real\c23492.jpg,c23492.jpg,real::c23492,c23492,real,0,0.4096635580062866,0
HiDF,D:\資料\專題\PY\deepfake\研討會\dataset_HiDF5000\test\real\c23554.jpg,c23554.jpg,real::c23554,c23554,real,0,0.4411613345146179,0
HiDF,D:\資料\專題\PY\deepfake\研討會\dataset_HiDF5000\test\real\c23582.jpg,c23582.jpg,real::c23582,c23582,real,0,0.4291003942489624,0
HiDF,D:\資料\專題\PY\deepfake\研討會\dataset_HiDF5000\test\real\c23625.jpg,c23625.jpg,real::c23625,c23625,real,0,0.45055580139160156,0
HiDF,D:\資料\專題\PY\deepfake\研討會\dataset_HiDF5000\test\real\c23770.jpg,c23770.jpg,real::c23770,c23770,real,0,0.43629178404808044,0
HiDF,D:\資料\專題\PY\deepfake\研討會\dataset_HiDF5000\test\real\c24004.jpg,c24004.jpg,real::c24004,c24004,real,0,0.4699763357639313,0
HiDF,D:\資料\專題\PY\deepfake\研討會\dataset_HiDF5000\test\real\c24140.jpg,c24140.jpg,real::c24140,c24140,real,0,0.42996782064437866,0
HiDF,D:\資料\專題\PY\deepfake\研討會\dataset_HiDF5000\test\real\c24536.jpg,c24536.jpg,real::c24536,c24536,real,0,0.42113515734672546,0
HiDF,D:\資料\專題\PY\deepfake\研討會\dataset_HiDF5000\test\real\c24653.jpg,c24653.jpg,real::c24653,c24653,real,0,0.4455295503139496,0
HiDF,D:\資料\專題\PY\deepfake\研討會\dataset_HiDF5000\test\real\c24880.jpg,c24880.jpg,real::c24880,c24880,real,0,0.4064790904521942,0
HiDF,D:\資料\專題\PY\deepfake\研討會\dataset_HiDF5000\test\real\c25117.jpg,c25117.jpg,real::c25117,c25117,real,0,0.44821491837501526,0
HiDF,D:\資料\專題\PY\deepfake\研討會\dataset_HiDF5000\test\real\c25182.jpg,c25182.jpg,real::c25182,c25182,real,0,0.38992398977279663,0
HiDF,D:\資料\專題\PY\deepfake\研討會\dataset_HiDF5000\test\real\c25280.jpg,c25280.jpg,real::c25280,c25280,real,0,0.4517497420310974,0
HiDF,D:\資料\專題\PY\deepfake\研討會\dataset_HiDF5000\test\real\c25761.jpg,c25761.jpg,real::c25761,c25761,real,0,0.46169933676719666,0
HiDF,D:\資料\專題\PY\deepfake\研討會\dataset_HiDF5000\test\real\c25791.jpg,c25791.jpg,real::c25791,c25791,real,0,0.42432254552841187,0
HiDF,D:\資料\專題\PY\deepfake\研討會\dataset_HiDF5000\test\real\c26255.jpg,c26255.jpg,real::c26255,c26255,real,0,0.38989493250846863,0
HiDF,D:\資料\專題\PY\deepfake\研討會\dataset_HiDF5000\test\real\c26297.jpg,c26297.jpg,real::c26297,c26297,real,0,0.4136843979358673,0
HiDF,D:\資料\專題\PY\deepfake\研討會\dataset_HiDF5000\test\real\c26398.jpg,c26398.jpg,real::c26398,c26398,real,0,0.47763791680336,0
HiDF,D:\資料\專題\PY\deepfake\研討會\dataset_HiDF5000\test\real\c26886.jpg,c26886.jpg,real::c26886,c26886,real,0,0.4346562922000885,0
HiDF,D:\資料\專題\PY\deepfake\研討會\dataset_HiDF5000\test\real\c27181.jpg,c27181.jpg,real::c27181,c27181,real,0,0.5084602236747742,1
HiDF,D:\資料\專題\PY\deepfake\研討會\dataset_HiDF5000\test\real\c27190.jpg,c27190.jpg,real::c27190,c27190,real,0,0.4088371992111206,0
HiDF,D:\資料\專題\PY\deepfake\研討會\dataset_HiDF5000\test\real\c27339.jpg,c27339.jpg,real::c27339,c27339,real,0,0.48012828826904297,0
HiDF,D:\資料\專題\PY\deepfake\研討會\dataset_HiDF5000\test\real\c27357.jpg,c27357.jpg,real::c27357,c27357,real,0,0.41501739621162415,0
HiDF,D:\資料\專題\PY\deepfake\研討會\dataset_HiDF5000\test\real\c27403.jpg,c27403.jpg,real::c27403,c27403,real,0,0.5057265758514404,1
HiDF,D:\資料\專題\PY\deepfake\研討會\dataset_HiDF5000\test\real\c27532.jpg,c27532.jpg,real::c27532,c27532,real,0,0.4213732182979584,0
HiDF,D:\資料\專題\PY\deepfake\研討會\dataset_HiDF5000\test\real\c28431.jpg,c28431.jpg,real::c28431,c28431,real,0,0.3839877247810364,0
HiDF,D:\資料\專題\PY\deepfake\研討會\dataset_HiDF5000\test\real\c28496.jpg,c28496.jpg,real::c28496,c28496,real,0,0.444519579410553,0
HiDF,D:\資料\專題\PY\deepfake\研討會\dataset_HiDF5000\test\real\c28644.jpg,c28644.jpg,real::c28644,c28644,real,0,0.45125094056129456,0
HiDF,D:\資料\專題\PY\deepfake\研討會\dataset_HiDF5000\test\real\c28682.jpg,c28682.jpg,real::c28682,c28682,real,0,0.4275759756565094,0
HiDF,D:\資料\專題\PY\deepfake\研討會\dataset_HiDF5000\test\real\c28704.jpg,c28704.jpg,real::c28704,c28704,real,0,0.4755367934703827,0
HiDF,D:\資料\專題\PY\deepfake\研討會\dataset_HiDF5000\test\real\c28819.jpg,c28819.jpg,real::c28819,c28819,real,0,0.39358896017074585,0
HiDF,D:\資料\專題\PY\deepfake\研討會\dataset_HiDF5000\test\real\c28959.jpg,c28959.jpg,real::c28959,c28959,real,0,0.4403038024902344,0
HiDF,D:\資料\專題\PY\deepfake\研討會\dataset_HiDF5000\test\real\c28995.jpg,c28995.jpg,real::c28995,c28995,real,0,0.4490000009536743,0
HiDF,D:\資料\專題\PY\deepfake\研討會\dataset_HiDF5000\test\real\c29047.jpg,c29047.jpg,real::c29047,c29047,real,0,0.4474602937698364,0
HiDF,D:\資料\專題\PY\deepfake\研討會\dataset_HiDF5000\test\real\c29066.jpg,c29066.jpg,real::c29066,c29066,real,0,0.4312548041343689,0
HiDF,D:\資料\專題\PY\deepfake\研討會\dataset_HiDF5000\test\real\c29266.jpg,c29266.jpg,real::c29266,c29266,real,0,0.42990800738334656,0
HiDF,D:\資料\專題\PY\deepfake\研討會\dataset_HiDF5000\test\real\c29585.jpg,c29585.jpg,real::c29585,c29585,real,0,0.3978799283504486,0
HiDF,D:\資料\專題\PY\deepfake\研討會\dataset_HiDF5000\test\real\c29773.jpg,c29773.jpg,real::c29773,c29773,real,0,0.5082694888114929,1
HiDF,D:\資料\專題\PY\deepfake\研討會\dataset_HiDF5000\test\real\f00028.png,f00028.png,real::f00028,f00028,real,0,0.44168809056282043,0
HiDF,D:\資料\專題\PY\deepfake\研討會\dataset_HiDF5000\test\real\f00118.png,f00118.png,real::f00118,f00118,real,0,0.4498155415058136,0
HiDF,D:\資料\專題\PY\deepfake\研討會\dataset_HiDF5000\test\real\f00196.png,f00196.png,real::f00196,f00196,real,0,0.41134732961654663,0
HiDF,D:\資料\專題\PY\deepfake\研討會\dataset_HiDF5000\test\real\f00277.png,f00277.png,real::f00277,f00277,real,0,0.39711982011795044,0
HiDF,D:\資料\專題\PY\deepfake\研討會\dataset_HiDF5000\test\real\f00467.png,f00467.png,real::f00467,f00467,real,0,0.4264410138130188,0
HiDF,D:\資料\專題\PY\deepfake\研討會\dataset_HiDF5000\test\real\f00481.png,f00481.png,real::f00481,f00481,real,0,0.44021356105804443,0
HiDF,D:\資料\專題\PY\deepfake\研討會\dataset_HiDF5000\test\real\f00506.png,f00506.png,real::f00506,f00506,real,0,0.42196863889694214,0
HiDF,D:\資料\專題\PY\deepfake\研討會\dataset_HiDF5000\test\real\f00510.png,f00510.png,real::f00510,f00510,real,0,0.4096044898033142,0
HiDF,D:\資料\專題\PY\deepfake\研討會\dataset_HiDF5000\test\real\f00803.png,f00803.png,real::f00803,f00803,real,0,0.44507724046707153,0
HiDF,D:\資料\專題\PY\deepfake\研討會\dataset_HiDF5000\test\real\f01066.png,f01066.png,real::f01066,f01066,real,0,0.45354926586151123,0
HiDF,D:\資料\專題\PY\deepfake\研討會\dataset_HiDF5000\test\real\f01080.png,f01080.png,real::f01080,f01080,real,0,0.4083062410354614,0
HiDF,D:\資料\專題\PY\deepfake\研討會\dataset_HiDF5000\test\real\f01113.png,f01113.png,real::f01113,f01113,real,0,0.4675900638103485,0
HiDF,D:\資料\專題\PY\deepfake\研討會\dataset_HiDF5000\test\real\f01133.png,f01133.png,real::f01133,f01133,real,0,0.40907323360443115,0
HiDF,D:\資料\專題\PY\deepfake\研討會\dataset_HiDF5000\test\real\f01134.png,f01134.png,real::f01134,f01134,real,0,0.42369645833969116,0
HiDF,D:\資料\專題\PY\deepfake\研討會\dataset_HiDF5000\test\real\f01289.png,f01289.png,real::f01289,f01289,real,0,0.4155212938785553,0
HiDF,D:\資料\專題\PY\deepfake\研討會\dataset_HiDF5000\test\real\f01711.png,f01711.png,real::f01711,f01711,real,0,0.41929125785827637,0
HiDF,D:\資料\專題\PY\deepfake\研討會\dataset_HiDF5000\test\real\f02115.png,f02115.png,real::f02115,f02115,real,0,0.39858198165893555,0
HiDF,D:\資料\專題\PY\deepfake\研討會\dataset_HiDF5000\test\real\f02164.png,f02164.png,real::f02164,f02164,real,0,0.44693219661712646,0
HiDF,D:\資料\專題\PY\deepfake\研討會\dataset_HiDF5000\test\real\f02571.png,f02571.png,real::f02571,f02571,real,0,0.388560026884079,0
HiDF,D:\資料\專題\PY\deepfake\研討會\dataset_HiDF5000\test\real\f20355.png,f20355.png,real::f20355,f20355,real,0,0.4266500473022461,0
HiDF,D:\資料\專題\PY\deepfake\研討會\dataset_HiDF5000\test\real\f20461.png,f20461.png,real::f20461,f20461,real,0,0.4139508903026581,0
HiDF,D:\資料\專題\PY\deepfake\研討會\dataset_HiDF5000\test\real\f20516.png,f20516.png,real::f20516,f20516,real,0,0.4683118760585785,0
HiDF,D:\資料\專題\PY\deepfake\研討會\dataset_HiDF5000\test\real\f20742.png,f20742.png,real::f20742,f20742,real,0,0.415284126996994,0
HiDF,D:\資料\專題\PY\deepfake\研討會\dataset_HiDF5000\test\real\f20780.png,f20780.png,real::f20780,f20780,real,0,0.40536046028137207,0
HiDF,D:\資料\專題\PY\deepfake\研討會\dataset_HiDF5000\test\real\f20860.png,f20860.png,real::f20860,f20860,real,0,0.4081588089466095,0
HiDF,D:\資料\專題\PY\deepfake\研討會\dataset_HiDF5000\test\real\f21046.png,f21046.png,real::f21046,f21046,real,0,0.483134001493454,0
HiDF,D:\資料\專題\PY\deepfake\研討會\dataset_HiDF5000\test\real\f21318.png,f21318.png,real::f21318,f21318,real,0,0.41786524653434753,0
HiDF,D:\資料\專題\PY\deepfake\研討會\dataset_HiDF5000\test\real\f21623.png,f21623.png,real::f21623,f21623,real,0,0.4026857018470764,0
HiDF,D:\資料\專題\PY\deepfake\研討會\dataset_HiDF5000\test\real\f21667.png,f21667.png,real::f21667,f21667,real,0,0.41238221526145935,0
HiDF,D:\資料\專題\PY\deepfake\研討會\dataset_HiDF5000\test\real\f21691.png,f21691.png,real::f21691,f21691,real,0,0.448713093996048,0
HiDF,D:\資料\專題\PY\deepfake\研討會\dataset_HiDF5000\test\real\f21925.png,f21925.png,real::f21925,f21925,real,0,0.4305363893508911,0
HiDF,D:\資料\專題\PY\deepfake\研討會\dataset_HiDF5000\test\real\f22088.png,f22088.png,real::f22088,f22088,real,0,0.4019812047481537,0
HiDF,D:\資料\專題\PY\deepfake\研討會\dataset_HiDF5000\test\real\f22100.png,f22100.png,real::f22100,f22100,real,0,0.4204508662223816,0
HiDF,D:\資料\專題\PY\deepfake\研討會\dataset_HiDF5000\test\real\f22118.png,f22118.png,real::f22118,f22118,real,0,0.4245312809944153,0
HiDF,D:\資料\專題\PY\deepfake\研討會\dataset_HiDF5000\test\real\f22353.png,f22353.png,real::f22353,f22353,real,0,0.40922078490257263,0
HiDF,D:\資料\專題\PY\deepfake\研討會\dataset_HiDF5000\test\real\f22458.png,f22458.png,real::f22458,f22458,real,0,0.4421396553516388,0
HiDF,D:\資料\專題\PY\deepfake\研討會\dataset_HiDF5000\test\real\f22478.png,f22478.png,real::f22478,f22478,real,0,0.42697852849960327,0
HiDF,D:\資料\專題\PY\deepfake\研討會\dataset_HiDF5000\test\real\f22655.png,f22655.png,real::f22655,f22655,real,0,0.3884730041027069,0
HiDF,D:\資料\專題\PY\deepfake\研討會\dataset_HiDF5000\test\real\f22697.png,f22697.png,real::f22697,f22697,real,0,0.4374329447746277,0
HiDF,D:\資料\專題\PY\deepfake\研討會\dataset_HiDF5000\test\real\f22990.png,f22990.png,real::f22990,f22990,real,0,0.41724181175231934,0
HiDF,D:\資料\專題\PY\deepfake\研討會\dataset_HiDF5000\test\real\f23006.png,f23006.png,real::f23006,f23006,real,0,0.40506625175476074,0
HiDF,D:\資料\專題\PY\deepfake\研討會\dataset_HiDF5000\test\real\f23007.png,f23007.png,real::f23007,f23007,real,0,0.4165889322757721,0
HiDF,D:\資料\專題\PY\deepfake\研討會\dataset_HiDF5000\test\real\f23067.png,f23067.png,real::f23067,f23067,real,0,0.4402286112308502,0
HiDF,D:\資料\專題\PY\deepfake\研討會\dataset_HiDF5000\test\real\f23095.png,f23095.png,real::f23095,f23095,real,0,0.430865615606308,0
HiDF,D:\資料\專題\PY\deepfake\研討會\dataset_HiDF5000\test\real\f23098.png,f23098.png,real::f23098,f23098,real,0,0.42951908707618713,0
HiDF,D:\資料\專題\PY\deepfake\研討會\dataset_HiDF5000\test\real\f23482.png,f23482.png,real::f23482,f23482,real,0,0.46863099932670593,0
HiDF,D:\資料\專題\PY\deepfake\研討會\dataset_HiDF5000\test\real\f23527.png,f23527.png,real::f23527,f23527,real,0,0.4336816668510437,0
HiDF,D:\資料\專題\PY\deepfake\研討會\dataset_HiDF5000\test\real\f23608.png,f23608.png,real::f23608,f23608,real,0,0.4131515324115753,0
HiDF,D:\資料\專題\PY\deepfake\研討會\dataset_HiDF5000\test\real\f23923.png,f23923.png,real::f23923,f23923,real,0,0.44210952520370483,0
HiDF,D:\資料\專題\PY\deepfake\研討會\dataset_HiDF5000\test\real\f23973.png,f23973.png,real::f23973,f23973,real,0,0.4222067892551422,0
HiDF,D:\資料\專題\PY\deepfake\研討會\dataset_HiDF5000\test\real\f24102.png,f24102.png,real::f24102,f24102,real,0,0.41273725032806396,0
HiDF,D:\資料\專題\PY\deepfake\研討會\dataset_HiDF5000\test\real\f24137.png,f24137.png,real::f24137,f24137,real,0,0.4323928952217102,0
HiDF,D:\資料\專題\PY\deepfake\研討會\dataset_HiDF5000\test\real\f24636.png,f24636.png,real::f24636,f24636,real,0,0.4119977355003357,0
HiDF,D:\資料\專題\PY\deepfake\研討會\dataset_HiDF5000\test\real\f24812.png,f24812.png,real::f24812,f24812,real,0,0.4393714666366577,0
HiDF,D:\資料\專題\PY\deepfake\研討會\dataset_HiDF5000\test\real\f24883.png,f24883.png,real::f24883,f24883,real,0,0.421432763338089,0
HiDF,D:\資料\專題\PY\deepfake\研討會\dataset_HiDF5000\test\real\f24964.png,f24964.png,real::f24964,f24964,real,0,0.4138324558734894,0
HiDF,D:\資料\專題\PY\deepfake\研討會\dataset_HiDF5000\test\real\f24968.png,f24968.png,real::f24968,f24968,real,0,0.4246803820133209,0
HiDF,D:\資料\專題\PY\deepfake\研討會\dataset_HiDF5000\test\real\f25265.png,f25265.png,real::f25265,f25265,real,0,0.4281437397003174,0
HiDF,D:\資料\專題\PY\deepfake\研討會\dataset_HiDF5000\test\real\f25276.png,f25276.png,real::f25276,f25276,real,0,0.43540632724761963,0
HiDF,D:\資料\專題\PY\deepfake\研討會\dataset_HiDF5000\test\real\f25437.png,f25437.png,real::f25437,f25437,real,0,0.46992313861846924,0
HiDF,D:\資料\專題\PY\deepfake\研討會\dataset_HiDF5000\test\real\f25664.png,f25664.png,real::f25664,f25664,real,0,0.4272473454475403,0
HiDF,D:\資料\專題\PY\deepfake\研討會\dataset_HiDF5000\test\real\f25686.png,f25686.png,real::f25686,f25686,real,0,0.4506917893886566,0
HiDF,D:\資料\專題\PY\deepfake\研討會\dataset_HiDF5000\test\real\f25744.png,f25744.png,real::f25744,f25744,real,0,0.4578941762447357,0
HiDF,D:\資料\專題\PY\deepfake\研討會\dataset_HiDF5000\test\real\f25777.png,f25777.png,real::f25777,f25777,real,0,0.4266201853752136,0
HiDF,D:\資料\專題\PY\deepfake\研討會\dataset_HiDF5000\test\real\f25828.png,f25828.png,real::f25828,f25828,real,0,0.45704585313796997,0
HiDF,D:\資料\專題\PY\deepfake\研討會\dataset_HiDF5000\test\real\f25838.png,f25838.png,real::f25838,f25838,real,0,0.4154323637485504,0
HiDF,D:\資料\專題\PY\deepfake\研討會\dataset_HiDF5000\test\real\f25867.png,f25867.png,real::f25867,f25867,real,0,0.43161413073539734,0
HiDF,D:\資料\專題\PY\deepfake\研討會\dataset_HiDF5000\test\real\f26230.png,f26230.png,real::f26230,f26230,real,0,0.460091769695282,0
HiDF,D:\資料\專題\PY\deepfake\研討會\dataset_HiDF5000\test\real\f26235.png,f26235.png,real::f26235,f26235,real,0,0.407274454832077,0
HiDF,D:\資料\專題\PY\deepfake\研討會\dataset_HiDF5000\test\real\f26243.png,f26243.png,real::f26243,f26243,real,0,0.4446853697299957,0
HiDF,D:\資料\專題\PY\deepfake\研討會\dataset_HiDF5000\test\real\f26510.png,f26510.png,real::f26510,f26510,real,0,0.402450829744339,0
HiDF,D:\資料\專題\PY\deepfake\研討會\dataset_HiDF5000\test\real\f26772.png,f26772.png,real::f26772,f26772,real,0,0.43880024552345276,0
HiDF,D:\資料\專題\PY\deepfake\研討會\dataset_HiDF5000\test\real\f26941.png,f26941.png,real::f26941,f26941,real,0,0.431853711605072,0
HiDF,D:\資料\專題\PY\deepfake\研討會\dataset_HiDF5000\test\real\f26954.png,f26954.png,real::f26954,f26954,real,0,0.4052427411079407,0
HiDF,D:\資料\專題\PY\deepfake\研討會\dataset_HiDF5000\test\real\f27090.png,f27090.png,real::f27090,f27090,real,0,0.4058018922805786,0
HiDF,D:\資料\專題\PY\deepfake\研討會\dataset_HiDF5000\test\real\f27183.png,f27183.png,real::f27183,f27183,real,0,0.4403940439224243,0
HiDF,D:\資料\專題\PY\deepfake\研討會\dataset_HiDF5000\test\real\f27213.png,f27213.png,real::f27213,f27213,real,0,0.4126189351081848,0
HiDF,D:\資料\專題\PY\deepfake\研討會\dataset_HiDF5000\test\real\f27243.png,f27243.png,real::f27243,f27243,real,0,0.4116429388523102,0
HiDF,D:\資料\專題\PY\deepfake\研討會\dataset_HiDF5000\test\real\f27583.png,f27583.png,real::f27583,f27583,real,0,0.4608347713947296,0
HiDF,D:\資料\專題\PY\deepfake\研討會\dataset_HiDF5000\test\real\f27729.png,f27729.png,real::f27729,f27729,real,0,0.4360816180706024,0
HiDF,D:\資料\專題\PY\deepfake\研討會\dataset_HiDF5000\test\real\f27764.png,f27764.png,real::f27764,f27764,real,0,0.4721282422542572,0
HiDF,D:\資料\專題\PY\deepfake\研討會\dataset_HiDF5000\test\real\f27854.png,f27854.png,real::f27854,f27854,real,0,0.43516626954078674,0
HiDF,D:\資料\專題\PY\deepfake\研討會\dataset_HiDF5000\test\real\f28259.png,f28259.png,real::f28259,f28259,real,0,0.41706374287605286,0
HiDF,D:\資料\專題\PY\deepfake\研討會\dataset_HiDF5000\test\real\f28631.png,f28631.png,real::f28631,f28631,real,0,0.42503833770751953,0
HiDF,D:\資料\專題\PY\deepfake\研討會\dataset_HiDF5000\test\real\f28670.png,f28670.png,real::f28670,f28670,real,0,0.4591822326183319,0
HiDF,D:\資料\專題\PY\deepfake\研討會\dataset_HiDF5000\test\real\f28772.png,f28772.png,real::f28772,f28772,real,0,0.4176277220249176,0
HiDF,D:\資料\專題\PY\deepfake\研討會\dataset_HiDF5000\test\real\f28825.png,f28825.png,real::f28825,f28825,real,0,0.41276684403419495,0
HiDF,D:\資料\專題\PY\deepfake\研討會\dataset_HiDF5000\test\real\f28861.png,f28861.png,real::f28861,f28861,real,0,0.43620169162750244,0
HiDF,D:\資料\專題\PY\deepfake\研討會\dataset_HiDF5000\test\real\f29647.png,f29647.png,real::f29647,f29647,real,0,0.48009780049324036,0
HiDF,D:\資料\專題\PY\deepfake\研討會\dataset_HiDF5000\test\real\f29728.png,f29728.png,real::f29728,f29728,real,0,0.4036549925804138,0
HiDF,D:\資料\專題\PY\deepfake\研討會\dataset_HiDF5000\test\real\f30106.png,f30106.png,real::f30106,f30106,real,0,0.42024266719818115,0
HiDF,D:\資料\專題\PY\deepfake\研討會\dataset_HiDF5000\test\real\f30124.png,f30124.png,real::f30124,f30124,real,0,0.43266257643699646,0
HiDF,D:\資料\專題\PY\deepfake\研討會\dataset_HiDF5000\test\real\f30578.png,f30578.png,real::f30578,f30578,real,0,0.3925696611404419,0
HiDF,D:\資料\專題\PY\deepfake\研討會\dataset_HiDF5000\test\real\f30653.png,f30653.png,real::f30653,f30653,real,0,0.44313347339630127,0
HiDF,D:\資料\專題\PY\deepfake\研討會\dataset_HiDF5000\test\real\f31007.png,f31007.png,real::f31007,f31007,real,0,0.4073334336280823,0
HiDF,D:\資料\專題\PY\deepfake\研討會\dataset_HiDF5000\test\real\f31061.png,f31061.png,real::f31061,f31061,real,0,0.41072672605514526,0
HiDF,D:\資料\專題\PY\deepfake\研討會\dataset_HiDF5000\test\real\f31202.png,f31202.png,real::f31202,f31202,real,0,0.42641115188598633,0
HiDF,D:\資料\專題\PY\deepfake\研討會\dataset_HiDF5000\test\real\f31357.png,f31357.png,real::f31357,f31357,real,0,0.4235772490501404,0
HiDF,D:\資料\專題\PY\deepfake\研討會\dataset_HiDF5000\test\real\f31524.png,f31524.png,real::f31524,f31524,real,0,0.4239349365234375,0
HiDF,D:\資料\專題\PY\deepfake\研討會\dataset_HiDF5000\test\real\f31737.png,f31737.png,real::f31737,f31737,real,0,0.42071861028671265,0
HiDF,D:\資料\專題\PY\deepfake\研討會\dataset_HiDF5000\test\real\f32305.png,f32305.png,real::f32305,f32305,real,0,0.48516902327537537,0
HiDF,D:\資料\專題\PY\deepfake\研討會\dataset_HiDF5000\test\real\f32390.png,f32390.png,real::f32390,f32390,real,0,0.42990800738334656,0
HiDF,D:\資料\專題\PY\deepfake\研討會\dataset_HiDF5000\test\real\f32745.png,f32745.png,real::f32745,f32745,real,0,0.4281437397003174,0
HiDF,D:\資料\專題\PY\deepfake\研討會\dataset_HiDF5000\test\real\f32810.png,f32810.png,real::f32810,f32810,real,0,0.4267396330833435,0
HiDF,D:\資料\專題\PY\deepfake\研討會\dataset_HiDF5000\test\real\f32896.png,f32896.png,real::f32896,f32896,real,0,0.4298182427883148,0
HiDF,D:\資料\專題\PY\deepfake\研討會\dataset_HiDF5000\test\real\f32922.png,f32922.png,real::f32922,f32922,real,0,0.3929772675037384,0
HiDF,D:\資料\專題\PY\deepfake\研討會\dataset_HiDF5000\test\real\f33041.png,f33041.png,real::f33041,f33041,real,0,0.4678559899330139,0
HiDF,D:\資料\專題\PY\deepfake\研討會\dataset_HiDF5000\test\real\f33295.png,f33295.png,real::f33295,f33295,real,0,0.466648131608963,0
HiDF,D:\資料\專題\PY\deepfake\研討會\dataset_HiDF5000\test\real\f33744.png,f33744.png,real::f33744,f33744,real,0,0.4196479618549347,0
HiDF,D:\資料\專題\PY\deepfake\研討會\dataset_HiDF5000\test\real\f33834.png,f33834.png,real::f33834,f33834,real,0,0.45840930938720703,0
HiDF,D:\資料\專題\PY\deepfake\研討會\dataset_HiDF5000\test\real\f33876.png,f33876.png,real::f33876,f33876,real,0,0.441040962934494,0
HiDF,D:\資料\專題\PY\deepfake\研討會\dataset_HiDF5000\test\real\f33918.png,f33918.png,real::f33918,f33918,real,0,0.4378986358642578,0
HiDF,D:\資料\專題\PY\deepfake\研討會\dataset_HiDF5000\test\real\f33969.png,f33969.png,real::f33969,f33969,real,0,0.4253963530063629,0
HiDF,D:\資料\專題\PY\deepfake\研討會\dataset_HiDF5000\test\real\f33970.png,f33970.png,real::f33970,f33970,real,0,0.4348662495613098,0
HiDF,D:\資料\專題\PY\deepfake\研討會\dataset_HiDF5000\test\real\f33973.png,f33973.png,real::f33973,f33973,real,0,0.41920205950737,0
HiDF,D:\資料\專題\PY\deepfake\研討會\dataset_HiDF5000\test\real\f33991.png,f33991.png,real::f33991,f33991,real,0,0.422028124332428,0
HiDF,D:\資料\專題\PY\deepfake\研討會\dataset_HiDF5000\test\real\f34024.png,f34024.png,real::f34024,f34024,real,0,0.37404730916023254,0
HiDF,D:\資料\專題\PY\deepfake\研討會\dataset_HiDF5000\test\real\f34273.png,f34273.png,real::f34273,f34273,real,0,0.4688742160797119,0
HiDF,D:\資料\專題\PY\deepfake\研討會\dataset_HiDF5000\test\real\f34465.png,f34465.png,real::f34465,f34465,real,0,0.4389655590057373,0
HiDF,D:\資料\專題\PY\deepfake\研討會\dataset_HiDF5000\test\real\f34671.png,f34671.png,real::f34671,f34671,real,0,0.40768706798553467,0
HiDF,D:\資料\專題\PY\deepfake\研討會\dataset_HiDF5000\test\real\f34815.png,f34815.png,real::f34815,f34815,real,0,0.48108431696891785,0
HiDF,D:\資料\專題\PY\deepfake\研討會\dataset_HiDF5000\test\real\f35032.png,f35032.png,real::f35032,f35032,real,0,0.4401233196258545,0
HiDF,D:\資料\專題\PY\deepfake\研討會\dataset_HiDF5000\test\real\f35260.png,f35260.png,real::f35260,f35260,real,0,0.4570912718772888,0
HiDF,D:\資料\專題\PY\deepfake\研討會\dataset_HiDF5000\test\real\f35425.png,f35425.png,real::f35425,f35425,real,0,0.41531381011009216,0
HiDF,D:\資料\專題\PY\deepfake\研討會\dataset_HiDF5000\test\real\f35429.png,f35429.png,real::f35429,f35429,real,0,0.4093979001045227,0
HiDF,D:\資料\專題\PY\deepfake\研討會\dataset_HiDF5000\test\real\f36538.png,f36538.png,real::f36538,f36538,real,0,0.4098111391067505,0
HiDF,D:\資料\專題\PY\deepfake\研討會\dataset_HiDF5000\test\real\f36884.png,f36884.png,real::f36884,f36884,real,0,0.4074217975139618,0
HiDF,D:\資料\專題\PY\deepfake\研討會\dataset_HiDF5000\test\real\f37252.png,f37252.png,real::f37252,f37252,real,0,0.4261125922203064,0
HiDF,D:\資料\專題\PY\deepfake\研討會\dataset_HiDF5000\test\real\f37323.png,f37323.png,real::f37323,f37323,real,0,0.413802832365036,0
HiDF,D:\資料\專題\PY\deepfake\研討會\dataset_HiDF5000\test\real\f37392.png,f37392.png,real::f37392,f37392,real,0,0.43744799494743347,0
HiDF,D:\資料\專題\PY\deepfake\研討會\dataset_HiDF5000\test\real\f37453.png,f37453.png,real::f37453,f37453,real,0,0.4327824115753174,0
HiDF,D:\資料\專題\PY\deepfake\研討會\dataset_HiDF5000\test\real\f37573.png,f37573.png,real::f37573,f37573,real,0,0.41730114817619324,0
HiDF,D:\資料\專題\PY\deepfake\研討會\dataset_HiDF5000\test\real\f37720.png,f37720.png,real::f37720,f37720,real,0,0.4373127818107605,0
HiDF,D:\資料\專題\PY\deepfake\研討會\dataset_HiDF5000\test\real\f37840.png,f37840.png,real::f37840,f37840,real,0,0.44305819272994995,0
HiDF,D:\資料\專題\PY\deepfake\研討會\dataset_HiDF5000\test\real\f37925.png,f37925.png,real::f37925,f37925,real,0,0.4258440136909485,0
HiDF,D:\資料\專題\PY\deepfake\研討會\dataset_HiDF5000\test\real\f38042.png,f38042.png,real::f38042,f38042,real,0,0.4440825581550598,0
HiDF,D:\資料\專題\PY\deepfake\研討會\dataset_HiDF5000\test\real\f38308.png,f38308.png,real::f38308,f38308,real,0,0.4186672270298004,0
HiDF,D:\資料\專題\PY\deepfake\研討會\dataset_HiDF5000\test\real\f38721.png,f38721.png,real::f38721,f38721,real,0,0.4415074288845062,0
HiDF,D:\資料\專題\PY\deepfake\研討會\dataset_HiDF5000\test\real\f38899.png,f38899.png,real::f38899,f38899,real,0,0.42036163806915283,0
HiDF,D:\資料\專題\PY\deepfake\研討會\dataset_HiDF5000\test\real\f39009.png,f39009.png,real::f39009,f39009,real,0,0.4262320101261139,0
HiDF,D:\資料\專題\PY\deepfake\研討會\dataset_HiDF5000\test\real\f39075.png,f39075.png,real::f39075,f39075,real,0,0.42605292797088623,0
HiDF,D:\資料\專題\PY\deepfake\研討會\dataset_HiDF5000\test\real\f39274.png,f39274.png,real::f39274,f39274,real,0,0.39137688279151917,0
HiDF,D:\資料\專題\PY\deepfake\研討會\dataset_HiDF5000\test\real\f39359.png,f39359.png,real::f39359,f39359,real,0,0.4492264986038208,0
HiDF,D:\資料\專題\PY\deepfake\研討會\dataset_HiDF5000\test\real\f39382.png,f39382.png,real::f39382,f39382,real,0,0.42324942350387573,0
HiDF,D:\資料\專題\PY\deepfake\研討會\dataset_HiDF5000\test\real\f39409.png,f39409.png,real::f39409,f39409,real,0,0.40450742840766907,0
HiDF,D:\資料\專題\PY\deepfake\研討會\dataset_HiDF5000\test\real\f39768.png,f39768.png,real::f39768,f39768,real,0,0.43477627635002136,0
HiDF,D:\資料\專題\PY\deepfake\研討會\dataset_HiDF5000\test\real\f39888.png,f39888.png,real::f39888,f39888,real,0,0.3834681212902069,0
HiDF,D:\資料\專題\PY\deepfake\研討會\dataset_HiDF5000\test\real\f40114.png,f40114.png,real::f40114,f40114,real,0,0.43477627635002136,0
HiDF,D:\資料\專題\PY\deepfake\研討會\dataset_HiDF5000\test\real\f40136.png,f40136.png,real::f40136,f40136,real,0,0.4441277086734772,0
HiDF,D:\資料\專題\PY\deepfake\研討會\dataset_HiDF5000\test\real\f40166.png,f40166.png,real::f40166,f40166,real,0,0.44146230816841125,0
HiDF,D:\資料\專題\PY\deepfake\研討會\dataset_HiDF5000\test\real\f40251.png,f40251.png,real::f40251,f40251,real,0,0.43419137597084045,0
HiDF,D:\資料\專題\PY\deepfake\研討會\dataset_HiDF5000\test\real\f40378.png,f40378.png,real::f40378,f40378,real,0,0.45541051030158997,0
HiDF,D:\資料\專題\PY\deepfake\研討會\dataset_HiDF5000\test\real\f40556.png,f40556.png,real::f40556,f40556,real,0,0.4214029610157013,0
HiDF,D:\資料\專題\PY\deepfake\研討會\dataset_HiDF5000\test\real\f40621.png,f40621.png,real::f40621,f40621,real,0,0.4174199104309082,0
HiDF,D:\資料\專題\PY\deepfake\研討會\dataset_HiDF5000\test\real\f40718.png,f40718.png,real::f40718,f40718,real,0,0.39899176359176636,0
HiDF,D:\資料\專題\PY\deepfake\研討會\dataset_HiDF5000\test\real\f40728.png,f40728.png,real::f40728,f40728,real,0,0.40380191802978516,0
HiDF,D:\資料\專題\PY\deepfake\研討會\dataset_HiDF5000\test\real\f40877.png,f40877.png,real::f40877,f40877,real,0,0.41179075837135315,0
HiDF,D:\資料\專題\PY\deepfake\研討會\dataset_HiDF5000\test\real\f41131.png,f41131.png,real::f41131,f41131,real,0,0.418221652507782,0
HiDF,D:\資料\專題\PY\deepfake\研討會\dataset_HiDF5000\test\real\f41140.png,f41140.png,real::f41140,f41140,real,0,0.4459215998649597,0
HiDF,D:\資料\專題\PY\deepfake\研討會\dataset_HiDF5000\test\real\f41174.png,f41174.png,real::f41174,f41174,real,0,0.4470227062702179,0
HiDF,D:\資料\專題\PY\deepfake\研討會\dataset_HiDF5000\test\real\f41220.png,f41220.png,real::f41220,f41220,real,0,0.42859211564064026,0
HiDF,D:\資料\專題\PY\deepfake\研討會\dataset_HiDF5000\test\real\f41517.png,f41517.png,real::f41517,f41517,real,0,0.4303867816925049,0
HiDF,D:\資料\專題\PY\deepfake\研討會\dataset_HiDF5000\test\real\f41697.png,f41697.png,real::f41697,f41697,real,0,0.41789495944976807,0
HiDF,D:\資料\專題\PY\deepfake\研討會\dataset_HiDF5000\test\real\f41734.png,f41734.png,real::f41734,f41734,real,0,0.44608747959136963,0
HiDF,D:\資料\專題\PY\deepfake\研討會\dataset_HiDF5000\test\real\f41793.png,f41793.png,real::f41793,f41793,real,0,0.4195587635040283,0
HiDF,D:\資料\專題\PY\deepfake\研討會\dataset_HiDF5000\test\real\f41812.png,f41812.png,real::f41812,f41812,real,0,0.4498306214809418,0
HiDF,D:\資料\專題\PY\deepfake\研討會\dataset_HiDF5000\test\real\f41830.png,f41830.png,real::f41830,f41830,real,0,0.43083569407463074,0
HiDF,D:\資料\專題\PY\deepfake\研討會\dataset_HiDF5000\test\real\f41839.png,f41839.png,real::f41839,f41839,real,0,0.41926151514053345,0
HiDF,D:\資料\專題\PY\deepfake\研討會\dataset_HiDF5000\test\real\f41932.png,f41932.png,real::f41932,f41932,real,0,0.418221652507782,0
HiDF,D:\資料\專題\PY\deepfake\研討會\dataset_HiDF5000\test\real\f55253.png,f55253.png,real::f55253,f55253,real,0,0.42241525650024414,0
HiDF,D:\資料\專題\PY\deepfake\研討會\dataset_HiDF5000\test\real\f55302.png,f55302.png,real::f55302,f55302,real,0,0.48194143176078796,0
HiDF,D:\資料\專題\PY\deepfake\研討會\dataset_HiDF5000\test\real\f55370.png,f55370.png,real::f55370,f55370,real,0,0.4356764256954193,0
HiDF,D:\資料\專題\PY\deepfake\研討會\dataset_HiDF5000\test\real\f55442.png,f55442.png,real::f55442,f55442,real,0,0.4359615743160248,0
HiDF,D:\資料\專題\PY\deepfake\研討會\dataset_HiDF5000\test\real\f55463.png,f55463.png,real::f55463,f55463,real,0,0.4214922785758972,0
HiDF,D:\資料\專題\PY\deepfake\研討會\dataset_HiDF5000\test\real\f55858.png,f55858.png,real::f55858,f55858,real,0,0.3927152752876282,0
HiDF,D:\資料\專題\PY\deepfake\研討會\dataset_HiDF5000\test\real\f55872.png,f55872.png,real::f55872,f55872,real,0,0.44750556349754333,0
HiDF,D:\資料\專題\PY\deepfake\研討會\dataset_HiDF5000\test\real\f55937.png,f55937.png,real::f55937,f55937,real,0,0.4011891782283783,0
HiDF,D:\資料\專題\PY\deepfake\研討會\dataset_HiDF5000\test\real\f55978.png,f55978.png,real::f55978,f55978,real,0,0.4443839490413666,0
HiDF,D:\資料\專題\PY\deepfake\研討會\dataset_HiDF5000\test\real\f55991.png,f55991.png,real::f55991,f55991,real,0,0.4244418144226074,0
