dataset,video_key,video_id,class_name,label,fake_probability,frame_count,prediction
HiDF,fake::c00046_c00110,c00046_c00110,fake,1,0.5114116072654724,1,1
HiDF,fake::c00128_c00121,c00128_c00121,fake,1,0.5161381959915161,1,1
HiDF,fake::c00137_c00172,c00137_c00172,fake,1,0.5289364457130432,1,1
HiDF,fake::c00377_c10873,c00377_c10873,fake,1,0.5091924071311951,1,1
HiDF,fake::c00488_c00410,c00488_c00410,fake,1,0.5076297521591187,1,1
HiDF,fake::c00509_c00419,c00509_c00419,fake,1,0.5241358876228333,1,1
HiDF,fake::c00528_c00546,c00528_c00546,fake,1,0.5438022017478943,1,1
HiDF,fake::c00580_c00444,c00580_c00444,fake,1,0.5290125012397766,1,1
HiDF,fake::c00637_c00636,c00637_c00636,fake,1,0.5369958877563477,1,1
HiDF,fake::c00800_c00687,c00800_c00687,fake,1,0.471367746591568,1,0
HiDF,fake::c01150_c00994,c01150_c00994,fake,1,0.5294686555862427,1,1
HiDF,fake::c01154_c11712,c01154_c11712,fake,1,0.5082733035087585,1,1
HiDF,fake::c01189_c11751,c01189_c11751,fake,1,0.5190604329109192,1,1
HiDF,fake::c01229_c01116,c01229_c01116,fake,1,0.5395291447639465,1,1
HiDF,fake::c01230_c01138,c01230_c01138,fake,1,0.5294458866119385,1,1
HiDF,fake::c01285_c01249,c01285_c01249,fake,1,0.5761246681213379,1,1
HiDF,fake::c01328_c01198,c01328_c01198,fake,1,0.5047610402107239,1,1
HiDF,fake::c01379_c01277,c01379_c01277,fake,1,0.5053990483283997,1,1
HiDF,fake::c01446_c01364,c01446_c01364,fake,1,0.5205801129341125,1,1
HiDF,fake::c01474_c01454,c01474_c01454,fake,1,0.5421512722969055,1,1
HiDF,fake::c01622_c01709,c01622_c01709,fake,1,0.5360700488090515,1,1
HiDF,fake::c02251,c02251,fake,1,0.5169346332550049,1,1
HiDF,fake::c02257,c02257,fake,1,0.5233290195465088,1,1
HiDF,fake::c02482,c02482,fake,1,0.505000650882721,1,1
HiDF,fake::c02484,c02484,fake,1,0.4867584705352783,1,0
HiDF,fake::c02686,c02686,fake,1,0.5431510806083679,1,1
HiDF,fake::c03177,c03177,fake,1,0.5406055450439453,1,1
HiDF,fake::c03179,c03179,fake,1,0.5074400305747986,1,1
HiDF,fake::c03252,c03252,fake,1,0.4718239903450012,1,0
HiDF,fake::c03314,c03314,fake,1,0.5363280773162842,1,1
HiDF,fake::c03378,c03378,fake,1,0.4834921956062317,1,0
HiDF,fake::c03505,c03505,fake,1,0.5142021179199219,1,1
HiDF,fake::c03723_c03637,c03723_c03637,fake,1,0.47498881816864014,1,0
HiDF,fake::c03804,c03804,fake,1,0.5335797667503357,1,1
HiDF,fake::c03819,c03819,fake,1,0.5397717356681824,1,1
HiDF,fake::c04054_c02657,c04054_c02657,fake,1,0.5362218022346497,1,1
HiDF,fake::c04399_c03006,c04399_c03006,fake,1,0.5054609775543213,1,1
HiDF,fake::c04474_c03063,c04474_c03063,fake,1,0.5268068313598633,1,1
HiDF,fake::c04514_c03139,c04514_c03139,fake,1,0.5332151651382446,1,1
HiDF,fake::c04539_c03075,c04539_c03075,fake,1,0.4907732903957367,1,0
HiDF,fake::c04552_c03094,c04552_c03094,fake,1,0.504615843296051,1,1
HiDF,fake::c04818_c03374,c04818_c03374,fake,1,0.5037251114845276,1,1
HiDF,fake::c05055,c05055,fake,1,0.4921204447746277,1,0
HiDF,fake::c05258_c05252,c05258_c05252,fake,1,0.5134130716323853,1,1
HiDF,fake::c05329_c05323,c05329_c05323,fake,1,0.4472792148590088,1,0
HiDF,fake::c05407_c04286,c05407_c04286,fake,1,0.4295490086078644,1,0
HiDF,fake::c10192_c01982,c10192_c01982,fake,1,0.4858703315258026,1,0
HiDF,fake::c10228_c10001,c10228_c10001,fake,1,0.5190032720565796,1,1
HiDF,fake::c10252_c10184,c10252_c10184,fake,1,0.48916223645210266,1,0
HiDF,fake::c10432_c10255,c10432_c10255,fake,1,0.49296045303344727,1,0
HiDF,fake::c10811_c13399,c10811_c13399,fake,1,0.5347567796707153,1,1
HiDF,fake::c10816_c13366,c10816_c13366,fake,1,0.5195441842079163,1,1
HiDF,fake::c10860_c10736,c10860_c10736,fake,1,0.47788918018341064,1,0
HiDF,fake::c10943_c00251,c10943_c00251,fake,1,0.502556324005127,1,1
HiDF,fake::c11506_c11482,c11506_c11482,fake,1,0.5181766152381897,1,1
HiDF,fake::c11741_c11680,c11741_c11680,fake,1,0.5171632170677185,1,1
HiDF,fake::c12040_c11931,c12040_c11931,fake,1,0.5297347903251648,1,1
HiDF,fake::c12147_c12081,c12147_c12081,fake,1,0.5214635729789734,1,1
HiDF,fake::c12180_c14774,c12180_c14774,fake,1,0.5188432931900024,1,1
HiDF,fake::c12581_c12427,c12581_c12427,fake,1,0.5420300960540771,1,1
HiDF,fake::c12665_c12567,c12665_c12567,fake,1,0.5508188009262085,1,1
HiDF,fake::c13003_c12889,c13003_c12889,fake,1,0.5390439033508301,1,1
HiDF,fake::c13285_c13251,c13285_c13251,fake,1,0.47708210349082947,1,0
HiDF,fake::c13323_c13169,c13323_c13169,fake,1,0.5545608997344971,1,1
HiDF,fake::c13519_c10655,c13519_c10655,fake,1,0.5446954369544983,1,1
HiDF,fake::c13549_c13459,c13549_c13459,fake,1,0.5071721076965332,1,1
HiDF,fake::c13555_c13433,c13555_c13433,fake,1,0.490851491689682,1,0
HiDF,fake::c13702_c13572,c13702_c13572,fake,1,0.46124428510665894,1,0
HiDF,fake::c13826_c13769,c13826_c13769,fake,1,0.5330632328987122,1,1
HiDF,fake::c13887_c13772,c13887_c13772,fake,1,0.52684485912323,1,1
HiDF,fake::c13928_c16372,c13928_c16372,fake,1,0.5040402412414551,1,1
HiDF,fake::c14102_c14114,c14102_c14114,fake,1,0.5169193744659424,1,1
HiDF,fake::c14151_c14074,c14151_c14074,fake,1,0.5544403195381165,1,1
HiDF,fake::c14252_c14150,c14252_c14150,fake,1,0.4856263995170593,1,0
HiDF,fake::c14289_c16632,c14289_c16632,fake,1,0.5238237977027893,1,1
HiDF,fake::c14355_c14272,c14355_c14272,fake,1,0.5341037511825562,1,1
HiDF,fake::c14426_c14391,c14426_c14391,fake,1,0.528175950050354,1,1
HiDF,fake::c14443_c14417,c14443_c14417,fake,1,0.5142211318016052,1,1
HiDF,fake::c14479_c14382,c14479_c14382,fake,1,0.4391609728336334,1,0
HiDF,fake::c14531_c16859,c14531_c16859,fake,1,0.5029568672180176,1,1
HiDF,fake::c14582_c14342,c14582_c14342,fake,1,0.4733985364437103,1,0
HiDF,fake::c14916_c14744,c14916_c14744,fake,1,0.467263400554657,1,0
HiDF,fake::c15091_c17440,c15091_c17440,fake,1,0.5095527768135071,1,1
HiDF,fake::c15328_c17681,c15328_c17681,fake,1,0.47764551639556885,1,0
HiDF,fake::c15593_c15456,c15593_c15456,fake,1,0.5087862610816956,1,1
HiDF,fake::c15608_c15442,c15608_c15442,fake,1,0.5288528203964233,1,1
HiDF,fake::c15639_c15479,c15639_c15479,fake,1,0.5303732752799988,1,1
HiDF,fake::c15785_c15588,c15785_c15588,fake,1,0.5096232891082764,1,1
HiDF,fake::c15813_c15643,c15813_c15643,fake,1,0.4849136769771576,1,0
HiDF,fake::c16016_c15856,c16016_c15856,fake,1,0.4784298241138458,1,0
HiDF,fake::c16167_c16029,c16167_c16029,fake,1,0.5323567390441895,1,1
HiDF,fake::c16175_c15887,c16175_c15887,fake,1,0.5537315607070923,1,1
HiDF,fake::c16321_c13549,c16321_c13549,fake,1,0.5188966393470764,1,1
HiDF,fake::c16439_c20825,c16439_c20825,fake,1,0.44049933552742004,1,0
HiDF,fake::c16700_c16522,c16700_c16522,fake,1,0.529780387878418,1,1
HiDF,fake::c17469_c17183,c17469_c17183,fake,1,0.5281835794448853,1,1
HiDF,fake::c17565_c17329,c17565_c17329,fake,1,0.5046104192733765,1,1
HiDF,fake::c17681_c17408,c17681_c17408,fake,1,0.49478879570961,1,0
HiDF,fake::c17743_c17489,c17743_c17489,fake,1,0.4940674901008606,1,0
HiDF,fake::c18051_c28874,c18051_c28874,fake,1,0.5121092796325684,1,1
HiDF,fake::c18059_c28887,c18059_c28887,fake,1,0.4859427213668823,1,0
HiDF,fake::c18090_c28891,c18090_c28891,fake,1,0.4943988025188446,1,0
HiDF,fake::c18280_c29071,c18280_c29071,fake,1,0.5482653379440308,1,1
HiDF,fake::c18406_c29153,c18406_c29153,fake,1,0.524371862411499,1,1
HiDF,fake::c18490_c29192,c18490_c29192,fake,1,0.5054013729095459,1,1
HiDF,fake::c18672_c29364,c18672_c29364,fake,1,0.519148051738739,1,1
HiDF,fake::c18685_c29499,c18685_c29499,fake,1,0.5302821397781372,1,1
HiDF,fake::c18779_c29489,c18779_c29489,fake,1,0.5273317098617554,1,1
HiDF,fake::c18815_c29680,c18815_c29680,fake,1,0.47697553038597107,1,0
HiDF,fake::c18867_c29716,c18867_c29716,fake,1,0.5512868762016296,1,1
HiDF,fake::c18896_c29760,c18896_c29760,fake,1,0.524820864200592,1,1
HiDF,fake::c18998,c18998,fake,1,0.4602889120578766,1,0
HiDF,fake::c19020_c18091,c19020_c18091,fake,1,0.5333291292190552,1,1
HiDF,fake::c19086_c18050,c19086_c18050,fake,1,0.497069388628006,1,0
HiDF,fake::c19157_c18173,c19157_c18173,fake,1,0.5367833971977234,1,1
HiDF,fake::c19194_c18211,c19194_c18211,fake,1,0.5141716003417969,1,1
HiDF,fake::c19268_c18254,c19268_c18254,fake,1,0.48949968814849854,1,0
HiDF,fake::c19278_c18268,c19278_c18268,fake,1,0.5665581822395325,1,1
HiDF,fake::c19380_c18362,c19380_c18362,fake,1,0.5283737182617188,1,1
HiDF,fake::c19394_c18393,c19394_c18393,fake,1,0.5240064859390259,1,1
HiDF,fake::c19645_c19068,c19645_c19068,fake,1,0.5168964862823486,1,1
HiDF,fake::c19806_c19259,c19806_c19259,fake,1,0.4894596338272095,1,0
HiDF,fake::c19825_c19199,c19825_c19199,fake,1,0.49364984035491943,1,0
HiDF,fake::c20051_c17753,c20051_c17753,fake,1,0.5194413661956787,1,1
HiDF,fake::c20211_c22672,c20211_c22672,fake,1,0.5664083361625671,1,1
HiDF,fake::c20284_c22628,c20284_c22628,fake,1,0.5338987112045288,1,1
HiDF,fake::c21106_c16062,c21106_c16062,fake,1,0.502980649471283,1,1
HiDF,fake::c21636_c23769,c21636_c23769,fake,1,0.48483359813690186,1,0
HiDF,fake::c21871_c21282,c21871_c21282,fake,1,0.4926314949989319,1,0
HiDF,fake::c22031_c24099,c22031_c24099,fake,1,0.49830150604248047,1,0
HiDF,fake::c22193_c21477,c22193_c21477,fake,1,0.4983959197998047,1,0
HiDF,fake::c22199_c21501,c22199_c21501,fake,1,0.5011177062988281,1,1
HiDF,fake::c22374_c21658,c22374_c21658,fake,1,0.5164964199066162,1,1
HiDF,fake::c22636_c21745,c22636_c21745,fake,1,0.4849708080291748,1,0
HiDF,fake::c23374_c02218,c23374_c02218,fake,1,0.534688413143158,1,1
HiDF,fake::c23749_c19957,c23749_c19957,fake,1,0.5444684028625488,1,1
HiDF,fake::c24537_c23365,c24537_c23365,fake,1,0.5262438654899597,1,1
HiDF,fake::c24997_c21121,c24997_c21121,fake,1,0.5525850057601929,1,1
HiDF,fake::c25024_c21119,c25024_c21119,fake,1,0.5179213881492615,1,1
HiDF,fake::c25075_c23800,c25075_c23800,fake,1,0.49646931886672974,1,0
HiDF,fake::c25317_c24101,c25317_c24101,fake,1,0.4917895793914795,1,0
HiDF,fake::c25763_c24559,c25763_c24559,fake,1,0.4998292922973633,1,0
HiDF,fake::c26026_c24752,c26026_c24752,fake,1,0.538285493850708,1,1
HiDF,fake::c26185_c02146,c26185_c02146,fake,1,0.5170450806617737,1,1
HiDF,fake::c27026_c28053,c27026_c28053,fake,1,0.5450435876846313,1,1
HiDF,fake::c27162_c28236,c27162_c28236,fake,1,0.4924779534339905,1,0
HiDF,fake::c28545_c28773,c28545_c28773,fake,1,0.5188623666763306,1,1
HiDF,fake::c28802_c26302,c28802_c26302,fake,1,0.52056485414505,1,1
HiDF,fake::c28945_c26471,c28945_c26471,fake,1,0.5209761261940002,1,1
HiDF,fake::c29293_c26732,c29293_c26732,fake,1,0.5362370014190674,1,1
HiDF,fake::c29406_c23954,c29406_c23954,fake,1,0.5432721972465515,1,1
HiDF,fake::c29460_c26865,c29460_c26865,fake,1,0.512227475643158,1,1
HiDF,fake::c29495_c26839,c29495_c26839,fake,1,0.5189080834388733,1,1
HiDF,fake::c29540,c29540,fake,1,0.5078480839729309,1,1
HiDF,fake::c29824_c27010,c29824_c27010,fake,1,0.5020294189453125,1,1
HiDF,fake::c29861_c26979,c29861_c26979,fake,1,0.5362370014190674,1,1
HiDF,fake::f00042,f00042,fake,1,0.5306697487831116,1,1
HiDF,fake::f00045,f00045,fake,1,0.5023164749145508,1,1
HiDF,fake::f00111,f00111,fake,1,0.5162372589111328,1,1
HiDF,fake::f00487,f00487,fake,1,0.51583331823349,1,1
HiDF,fake::f00555,f00555,fake,1,0.5307305455207825,1,1
HiDF,fake::f00794,f00794,fake,1,0.4905368685722351,1,0
HiDF,fake::f00872,f00872,fake,1,0.5265481472015381,1,1
HiDF,fake::f00958,f00958,fake,1,0.5436810851097107,1,1
HiDF,fake::f01032,f01032,fake,1,0.493246465921402,1,0
HiDF,fake::f01135,f01135,fake,1,0.5006217956542969,1,1
HiDF,fake::f01176,f01176,fake,1,0.4952458143234253,1,0
HiDF,fake::f01224,f01224,fake,1,0.4647800922393799,1,0
HiDF,fake::f01470,f01470,fake,1,0.48571404814720154,1,0
HiDF,fake::f01567,f01567,fake,1,0.4795798659324646,1,0
HiDF,fake::f01581,f01581,fake,1,0.5103229880332947,1,1
HiDF,fake::f01799,f01799,fake,1,0.4806615114212036,1,0
HiDF,fake::f01942,f01942,fake,1,0.5186680555343628,1,1
HiDF,fake::f01943,f01943,fake,1,0.47610771656036377,1,0
HiDF,fake::f02047,f02047,fake,1,0.5200164318084717,1,1
HiDF,fake::f02103,f02103,fake,1,0.4469020366668701,1,0
HiDF,fake::f02139,f02139,fake,1,0.5051429867744446,1,1
HiDF,fake::f02232,f02232,fake,1,0.4662000238895416,1,0
HiDF,fake::f02327,f02327,fake,1,0.4768994152545929,1,0
HiDF,fake::f20412_c19917,f20412_c19917,fake,1,0.5240749716758728,1,1
HiDF,fake::f20474_c19976,f20474_c19976,fake,1,0.5213340520858765,1,1
HiDF,fake::f20530_c26761,f20530_c26761,fake,1,0.5264188647270203,1,1
HiDF,fake::f20681,f20681,fake,1,0.523085355758667,1,1
HiDF,fake::f20767_c18607,f20767_c18607,fake,1,0.5274838805198669,1,1
HiDF,fake::f21958_c18693,f21958_c18693,fake,1,0.5242500305175781,1,1
HiDF,fake::f22468_c18905,f22468_c18905,fake,1,0.54295414686203,1,1
HiDF,fake::f22470_c18923,f22470_c18923,fake,1,0.5146480798721313,1,1
HiDF,fake::f22813,f22813,fake,1,0.4801739752292633,1,0
HiDF,fake::f23030_c18770,f23030_c18770,fake,1,0.49082860350608826,1,0
HiDF,fake::f23132_c18796,f23132_c18796,fake,1,0.49443408846855164,1,0
HiDF,fake::f23528,f23528,fake,1,0.532181978225708,1,1
HiDF,fake::f23993,f23993,fake,1,0.5475094318389893,1,1
HiDF,fake::f24054,f24054,fake,1,0.49787139892578125,1,0
HiDF,fake::f24059,f24059,fake,1,0.5379062294960022,1,1
HiDF,fake::f24212,f24212,fake,1,0.5233442187309265,1,1
HiDF,fake::f24454,f24454,fake,1,0.5164544582366943,1,1
HiDF,fake::f24596,f24596,fake,1,0.4916980564594269,1,0
HiDF,fake::f24824,f24824,fake,1,0.4661392569541931,1,0
HiDF,fake::f24842,f24842,fake,1,0.49072179198265076,1,0
HiDF,fake::f24948,f24948,fake,1,0.5466625094413757,1,1
HiDF,fake::f25131,f25131,fake,1,0.530403733253479,1,1
HiDF,fake::f25879,f25879,fake,1,0.4481998383998871,1,0
HiDF,fake::f25895,f25895,fake,1,0.5067821145057678,1,1
HiDF,fake::f25896,f25896,fake,1,0.5138742923736572,1,1
HiDF,fake::f26011,f26011,fake,1,0.47066059708595276,1,0
HiDF,fake::f26682_c04199,f26682_c04199,fake,1,0.533040463924408,1,1
HiDF,fake::f26944_c04392,f26944_c04392,fake,1,0.5284193754196167,1,1
HiDF,fake::f27017_c04403,f27017_c04403,fake,1,0.5108453631401062,1,1
HiDF,fake::f27347_c04620,f27347_c04620,fake,1,0.5174108147621155,1,1
HiDF,fake::f27352_c04622,f27352_c04622,fake,1,0.50042724609375,1,1
HiDF,fake::f27609,f27609,fake,1,0.5185080766677856,1,1
HiDF,fake::f27793,f27793,fake,1,0.5388163924217224,1,1
HiDF,fake::f28010,f28010,fake,1,0.5153912305831909,1,1
HiDF,fake::f28420,f28420,fake,1,0.5558872818946838,1,1
HiDF,fake::f28630,f28630,fake,1,0.507897675037384,1,1
HiDF,fake::f28639,f28639,fake,1,0.5085688829421997,1,1
HiDF,fake::f29361,f29361,fake,1,0.5101323127746582,1,1
HiDF,fake::f29434,f29434,fake,1,0.5080463886260986,1,1
HiDF,fake::f29504,f29504,fake,1,0.5393016934394836,1,1
HiDF,fake::f29741,f29741,fake,1,0.5003986358642578,1,1
HiDF,fake::f29979,f29979,fake,1,0.5263351798057556,1,1
HiDF,fake::f30313,f30313,fake,1,0.5550433397293091,1,1
HiDF,fake::f30319,f30319,fake,1,0.5363432765007019,1,1
HiDF,fake::f30324,f30324,fake,1,0.5285866856575012,1,1
HiDF,fake::f30414,f30414,fake,1,0.5108529925346375,1,1
HiDF,fake::f30455,f30455,fake,1,0.5415452122688293,1,1
HiDF,fake::f30708,f30708,fake,1,0.5258025527000427,1,1
HiDF,fake::f31288,f31288,fake,1,0.5192623138427734,1,1
HiDF,fake::f31390,f31390,fake,1,0.47320836782455444,1,0
HiDF,fake::f31777_c05055,f31777_c05055,fake,1,0.5212655663490295,1,1
HiDF,fake::f32024,f32024,fake,1,0.5058128833770752,1,1
HiDF,fake::f32106,f32106,fake,1,0.5343239903450012,1,1
HiDF,fake::f32325,f32325,fake,1,0.48165953159332275,1,0
HiDF,fake::f32480,f32480,fake,1,0.5462692379951477,1,1
HiDF,fake::f32752,f32752,fake,1,0.5325390696525574,1,1
HiDF,fake::f32906,f32906,fake,1,0.5035411715507507,1,1
HiDF,fake::f32925,f32925,fake,1,0.5565652847290039,1,1
HiDF,fake::f32960,f32960,fake,1,0.5073866248130798,1,1
HiDF,fake::f33103,f33103,fake,1,0.5582667589187622,1,1
HiDF,fake::f33190,f33190,fake,1,0.5028337836265564,1,1
HiDF,fake::f33212,f33212,fake,1,0.4997882843017578,1,0
HiDF,fake::f33341,f33341,fake,1,0.5037696957588196,1,1
HiDF,fake::f33393,f33393,fake,1,0.4837398827075958,1,0
HiDF,fake::f33458,f33458,fake,1,0.5345062017440796,1,1
HiDF,fake::f33590,f33590,fake,1,0.5309737324714661,1,1
HiDF,fake::f33831,f33831,fake,1,0.5253612399101257,1,1
HiDF,fake::f33911,f33911,fake,1,0.4858703315258026,1,0
HiDF,fake::f34327,f34327,fake,1,0.5018224716186523,1,1
HiDF,fake::f34428,f34428,fake,1,0.5674272775650024,1,1
HiDF,fake::f34482,f34482,fake,1,0.5332531332969666,1,1
HiDF,fake::f34494,f34494,fake,1,0.5265786051750183,1,1
HiDF,fake::f34748,f34748,fake,1,0.5454219579696655,1,1
HiDF,fake::f34927,f34927,fake,1,0.5463600158691406,1,1
HiDF,fake::f35017,f35017,fake,1,0.5284117460250854,1,1
HiDF,fake::f35178,f35178,fake,1,0.5223087668418884,1,1
HiDF,fake::f35598,f35598,fake,1,0.49675825238227844,1,0
HiDF,fake::f35827,f35827,fake,1,0.5238770842552185,1,1
HiDF,fake::f35891,f35891,fake,1,0.5347719192504883,1,1
HiDF,fake::f35941,f35941,fake,1,0.5086889863014221,1,1
HiDF,fake::f36021,f36021,fake,1,0.5080711841583252,1,1
HiDF,fake::f36089,f36089,fake,1,0.5193232893943787,1,1
HiDF,fake::f36137,f36137,fake,1,0.4300575852394104,1,0
HiDF,fake::f36370,f36370,fake,1,0.5228493809700012,1,1
HiDF,fake::f36392,f36392,fake,1,0.5265405774116516,1,1
HiDF,fake::f36579,f36579,fake,1,0.5475397109985352,1,1
HiDF,fake::f36837,f36837,fake,1,0.51994788646698,1,1
HiDF,fake::f37072,f37072,fake,1,0.5206105709075928,1,1
HiDF,fake::f37145,f37145,fake,1,0.5084373354911804,1,1
HiDF,fake::f37456,f37456,fake,1,0.5081779956817627,1,1
HiDF,fake::f37521,f37521,fake,1,0.5220727324485779,1,1
HiDF,fake::f37526,f37526,fake,1,0.49449944496154785,1,0
HiDF,fake::f37802,f37802,fake,1,0.5080711841583252,1,1
HiDF,fake::f37847,f37847,fake,1,0.524653434753418,1,1
HiDF,fake::f37927,f37927,fake,1,0.513207197189331,1,1
HiDF,fake::f38210,f38210,fake,1,0.536176323890686,1,1
HiDF,fake::f38464,f38464,fake,1,0.5241739153862,1,1
HiDF,fake::f38627,f38627,fake,1,0.503826379776001,1,1
HiDF,fake::f38709,f38709,fake,1,0.5242424607276917,1,1
HiDF,fake::f38810,f38810,fake,1,0.5306089520454407,1,1
HiDF,fake::f38861,f38861,fake,1,0.5350452661514282,1,1
HiDF,fake::f38903,f38903,fake,1,0.48815566301345825,1,0
HiDF,fake::f38961,f38961,fake,1,0.5340126156806946,1,1
HiDF,fake::f38981,f38981,fake,1,0.5013828277587891,1,1
HiDF,fake::f39046,f39046,fake,1,0.5259242653846741,1,1
HiDF,fake::f39245,f39245,fake,1,0.5527660846710205,1,1
HiDF,fake::f39312,f39312,fake,1,0.47193050384521484,1,0
HiDF,fake::f39422,f39422,fake,1,0.5135159492492676,1,1
HiDF,fake::f39440,f39440,fake,1,0.4898371696472168,1,0
HiDF,fake::f39451,f39451,fake,1,0.5054795742034912,1,1
HiDF,fake::f39644,f39644,fake,1,0.518363356590271,1,1
HiDF,fake::f39827,f39827,fake,1,0.5614553093910217,1,1
HiDF,fake::f40028,f40028,fake,1,0.5180737972259521,1,1
HiDF,fake::f40058,f40058,fake,1,0.5143393278121948,1,1
HiDF,fake::f40341,f40341,fake,1,0.517829954624176,1,1
HiDF,fake::f40468,f40468,fake,1,0.48470404744148254,1,0
HiDF,fake::f40780,f40780,fake,1,0.5030149817466736,1,1
HiDF,fake::f40992,f40992,fake,1,0.5127764344215393,1,1
HiDF,fake::f40993,f40993,fake,1,0.532204806804657,1,1
HiDF,fake::f41018,f41018,fake,1,0.5056397914886475,1,1
HiDF,fake::f41026,f41026,fake,1,0.5012321472167969,1,1
HiDF,fake::f41496,f41496,fake,1,0.4943692684173584,1,0
HiDF,fake::f41604,f41604,fake,1,0.5263351798057556,1,1
HiDF,fake::f41653,f41653,fake,1,0.5667080879211426,1,1
HiDF,fake::f41825,f41825,fake,1,0.5618008971214294,1,1
HiDF,fake::f41887,f41887,fake,1,0.5272480845451355,1,1
HiDF,fake::f41943,f41943,fake,1,0.5094535946846008,1,1
HiDF,fake::f41947,f41947,fake,1,0.5142173171043396,1,1
HiDF,fake::f41952,f41952,fake,1,0.42161136865615845,1,0
HiDF,fake::f55094_c27451,f55094_c27451,fake,1,0.5111809372901917,1,1
HiDF,fake::f55245_c24980,f55245_c24980,fake,1,0.5099188089370728,1,1
HiDF,fake::f55467_c00791,f55467_c00791,fake,1,0.5056898593902588,1,1
HiDF,fake::f55951_c19906,f55951_c19906,fake,1,0.5182223916053772,1,1
HiDF,fake::f55986_c23695,f55986_c23695,fake,1,0.5001487731933594,1,1
HiDF,real::c00048,c00048,real,0,0.45607665181159973,1,0
HiDF,real::c00057,c00057,real,0,0.42262381315231323,1,0
HiDF,real::c00096,c00096,real,0,0.4263215959072113,1,0
HiDF,real::c00130,c00130,real,0,0.5062824487686157,1,1
HiDF,real::c00659,c00659,real,0,0.41878604888916016,1,0
HiDF,real::c00772,c00772,real,0,0.34997695684432983,1,0
HiDF,real::c01616,c01616,real,0,0.47747802734375,1,0
HiDF,real::c01634,c01634,real,0,0.4172121286392212,1,0
HiDF,real::c01979,c01979,real,0,0.47534653544425964,1,0
HiDF,real::c02040,c02040,real,0,0.5016317367553711,1,1
HiDF,real::c02158,c02158,real,0,0.4262320101261139,1,0
HiDF,real::c02562,c02562,real,0,0.44074004888534546,1,0
HiDF,real::c02992,c02992,real,0,0.4500119090080261,1,0
HiDF,real::c03079,c03079,real,0,0.47759222984313965,1,0
HiDF,real::c03381,c03381,real,0,0.47324642539024353,1,0
HiDF,real::c03706,c03706,real,0,0.41525447368621826,1,0
HiDF,real::c04178,c04178,real,0,0.4693378508090973,1,0
HiDF,real::c04269,c04269,real,0,0.4314344525337219,1,0
HiDF,real::c04319,c04319,real,0,0.46314072608947754,1,0
HiDF,real::c04538,c04538,real,0,0.3891982436180115,1,0
HiDF,real::c04674,c04674,real,0,0.41617363691329956,1,0
HiDF,real::c04833,c04833,real,0,0.43245285749435425,1,0
HiDF,real::c05078,c05078,real,0,0.45595553517341614,1,0
HiDF,real::c05270,c05270,real,0,0.41321074962615967,1,0
HiDF,real::c10021,c10021,real,0,0.5275599360466003,1,1
HiDF,real::c10536,c10536,real,0,0.4392060935497284,1,0
HiDF,real::c10538,c10538,real,0,0.41205692291259766,1,0
HiDF,real::c10594,c10594,real,0,0.4908933937549591,1,0
HiDF,real::c10667,c10667,real,0,0.4780034124851227,1,0
HiDF,real::c10762,c10762,real,0,0.4651293456554413,1,0
HiDF,real::c11002,c11002,real,0,0.4593489468097687,1,0
HiDF,real::c11586,c11586,real,0,0.4664430022239685,1,0
HiDF,real::c11836,c11836,real,0,0.4150766432285309,1,0
HiDF,real::c12080,c12080,real,0,0.485782653093338,1,0
HiDF,real::c12329,c12329,real,0,0.4374629557132721,1,0
HiDF,real::c12354,c12354,real,0,0.49235403537750244,1,0
HiDF,real::c12397,c12397,real,0,0.4060668349266052,1,0
HiDF,real::c12529,c12529,real,0,0.44486624002456665,1,0
HiDF,real::c12973,c12973,real,0,0.47185441851615906,1,0
HiDF,real::c13036,c13036,real,0,0.4081588089466095,1,0
HiDF,real::c13253,c13253,real,0,0.3996066153049469,1,0
HiDF,real::c13470,c13470,real,0,0.46481046080589294,1,0
HiDF,real::c13515,c13515,real,0,0.4683498740196228,1,0
HiDF,real::c13785,c13785,real,0,0.4458009600639343,1,0
HiDF,real::c13817,c13817,real,0,0.47300297021865845,1,0
HiDF,real::c13846,c13846,real,0,0.414958119392395,1,0
HiDF,real::c13900,c13900,real,0,0.4323030114173889,1,0
HiDF,real::c14107,c14107,real,0,0.4801435172557831,1,0
HiDF,real::c14496,c14496,real,0,0.430596262216568,1,0
HiDF,real::c14590,c14590,real,0,0.41288521885871887,1,0
HiDF,real::c14860,c14860,real,0,0.4041840434074402,1,0
HiDF,real::c14942,c14942,real,0,0.4572124779224396,1,0
HiDF,real::c15101,c15101,real,0,0.46000081300735474,1,0
HiDF,real::c15345,c15345,real,0,0.4427569508552551,1,0
HiDF,real::c15397,c15397,real,0,0.422087699174881,1,0
HiDF,real::c15562,c15562,real,0,0.447083055973053,1,0
HiDF,real::c15860,c15860,real,0,0.4551834762096405,1,0
HiDF,real::c15901,c15901,real,0,0.4793437421321869,1,0
HiDF,real::c16033,c16033,real,0,0.4740604758262634,1,0
HiDF,real::c16494,c16494,real,0,0.4323030114173889,1,0
HiDF,real::c16562,c16562,real,0,0.43161413073539734,1,0
HiDF,real::c16768,c16768,real,0,0.42247483134269714,1,0
HiDF,real::c16956,c16956,real,0,0.48822811245918274,1,0
HiDF,real::c17242,c17242,real,0,0.41377320885658264,1,0
HiDF,real::c17392,c17392,real,0,0.45824265480041504,1,0
HiDF,real::c17686,c17686,real,0,0.44480592012405396,1,0
HiDF,real::c17968,c17968,real,0,0.4356314241886139,1,0
HiDF,real::c18139,c18139,real,0,0.44229018688201904,1,0
HiDF,real::c18236,c18236,real,0,0.4840790331363678,1,0
HiDF,real::c18288,c18288,real,0,0.42533668875694275,1,0
HiDF,real::c18448,c18448,real,0,0.42996782064437866,1,0
HiDF,real::c18851,c18851,real,0,0.4332919418811798,1,0
HiDF,real::c18855,c18855,real,0,0.4040370583534241,1,0
HiDF,real::c18950,c18950,real,0,0.4492717683315277,1,0
HiDF,real::c18990,c18990,real,0,0.4482753276824951,1,0
HiDF,real::c19180,c19180,real,0,0.42605292797088623,1,0
HiDF,real::c19449,c19449,real,0,0.41917237639427185,1,0
HiDF,real::c19624,c19624,real,0,0.4928908348083496,1,0
HiDF,real::c20329,c20329,real,0,0.42919009923934937,1,0
HiDF,real::c20748,c20748,real,0,0.4895664155483246,1,0
HiDF,real::c20875,c20875,real,0,0.4155806005001068,1,0
HiDF,real::c20980,c20980,real,0,0.4555164873600006,1,0
HiDF,real::c21115,c21115,real,0,0.49982452392578125,1,0
HiDF,real::c21242,c21242,real,0,0.4215220808982849,1,0
HiDF,real::c21318,c21318,real,0,0.4663518965244293,1,0
HiDF,real::c21380,c21380,real,0,0.4613049626350403,1,0
HiDF,real::c21463,c21463,real,0,0.4034787118434906,1,0
HiDF,real::c21737,c21737,real,0,0.4204806089401245,1,0
HiDF,real::c21829,c21829,real,0,0.46670129895210266,1,0
HiDF,real::c21932,c21932,real,0,0.428562194108963,1,0
HiDF,real::c22122,c22122,real,0,0.5042255520820618,1,1
HiDF,real::c22456,c22456,real,0,0.4451676905155182,1,0
HiDF,real::c22490,c22490,real,0,0.44500190019607544,1,0
HiDF,real::c22883,c22883,real,0,0.4580911099910736,1,0
HiDF,real::c23273,c23273,real,0,0.4176871180534363,1,0
HiDF,real::c23451,c23451,real,0,0.444233238697052,1,0
HiDF,real::c23492,c23492,real,0,0.4096635580062866,1,0
HiDF,real::c23554,c23554,real,0,0.4411613345146179,1,0
HiDF,real::c23582,c23582,real,0,0.4291003942489624,1,0
HiDF,real::c23625,c23625,real,0,0.45055580139160156,1,0
HiDF,real::c23770,c23770,real,0,0.43629178404808044,1,0
HiDF,real::c24004,c24004,real,0,0.4699763357639313,1,0
HiDF,real::c24140,c24140,real,0,0.42996782064437866,1,0
HiDF,real::c24536,c24536,real,0,0.42113515734672546,1,0
HiDF,real::c24653,c24653,real,0,0.4455295503139496,1,0
HiDF,real::c24880,c24880,real,0,0.4064790904521942,1,0
HiDF,real::c25117,c25117,real,0,0.44821491837501526,1,0
HiDF,real::c25182,c25182,real,0,0.38992398977279663,1,0
HiDF,real::c25280,c25280,real,0,0.4517497420310974,1,0
HiDF,real::c25761,c25761,real,0,0.46169933676719666,1,0
HiDF,real::c25791,c25791,real,0,0.42432254552841187,1,0
HiDF,real::c26255,c26255,real,0,0.38989493250846863,1,0
HiDF,real::c26297,c26297,real,0,0.4136843979358673,1,0
HiDF,real::c26398,c26398,real,0,0.47763791680336,1,0
HiDF,real::c26886,c26886,real,0,0.4346562922000885,1,0
HiDF,real::c27181,c27181,real,0,0.5084602236747742,1,1
HiDF,real::c27190,c27190,real,0,0.4088371992111206,1,0
HiDF,real::c27339,c27339,real,0,0.48012828826904297,1,0
HiDF,real::c27357,c27357,real,0,0.41501739621162415,1,0
HiDF,real::c27403,c27403,real,0,0.5057265758514404,1,1
HiDF,real::c27532,c27532,real,0,0.4213732182979584,1,0
HiDF,real::c28431,c28431,real,0,0.3839877247810364,1,0
HiDF,real::c28496,c28496,real,0,0.444519579410553,1,0
HiDF,real::c28644,c28644,real,0,0.45125094056129456,1,0
HiDF,real::c28682,c28682,real,0,0.4275759756565094,1,0
HiDF,real::c28704,c28704,real,0,0.4755367934703827,1,0
HiDF,real::c28819,c28819,real,0,0.39358896017074585,1,0
HiDF,real::c28959,c28959,real,0,0.4403038024902344,1,0
HiDF,real::c28995,c28995,real,0,0.4490000009536743,1,0
HiDF,real::c29047,c29047,real,0,0.4474602937698364,1,0
HiDF,real::c29066,c29066,real,0,0.4312548041343689,1,0
HiDF,real::c29266,c29266,real,0,0.42990800738334656,1,0
HiDF,real::c29585,c29585,real,0,0.3978799283504486,1,0
HiDF,real::c29773,c29773,real,0,0.5082694888114929,1,1
HiDF,real::f00028,f00028,real,0,0.44168809056282043,1,0
HiDF,real::f00118,f00118,real,0,0.4498155415058136,1,0
HiDF,real::f00196,f00196,real,0,0.41134732961654663,1,0
HiDF,real::f00277,f00277,real,0,0.39711982011795044,1,0
HiDF,real::f00467,f00467,real,0,0.4264410138130188,1,0
HiDF,real::f00481,f00481,real,0,0.44021356105804443,1,0
HiDF,real::f00506,f00506,real,0,0.42196863889694214,1,0
HiDF,real::f00510,f00510,real,0,0.4096044898033142,1,0
HiDF,real::f00803,f00803,real,0,0.44507724046707153,1,0
HiDF,real::f01066,f01066,real,0,0.45354926586151123,1,0
HiDF,real::f01080,f01080,real,0,0.4083062410354614,1,0
HiDF,real::f01113,f01113,real,0,0.4675900638103485,1,0
HiDF,real::f01133,f01133,real,0,0.40907323360443115,1,0
HiDF,real::f01134,f01134,real,0,0.42369645833969116,1,0
HiDF,real::f01289,f01289,real,0,0.4155212938785553,1,0
HiDF,real::f01711,f01711,real,0,0.41929125785827637,1,0
HiDF,real::f02115,f02115,real,0,0.39858198165893555,1,0
HiDF,real::f02164,f02164,real,0,0.44693219661712646,1,0
HiDF,real::f02571,f02571,real,0,0.388560026884079,1,0
HiDF,real::f20355,f20355,real,0,0.4266500473022461,1,0
HiDF,real::f20461,f20461,real,0,0.4139508903026581,1,0
HiDF,real::f20516,f20516,real,0,0.4683118760585785,1,0
HiDF,real::f20742,f20742,real,0,0.415284126996994,1,0
HiDF,real::f20780,f20780,real,0,0.40536046028137207,1,0
HiDF,real::f20860,f20860,real,0,0.4081588089466095,1,0
HiDF,real::f21046,f21046,real,0,0.483134001493454,1,0
HiDF,real::f21318,f21318,real,0,0.41786524653434753,1,0
HiDF,real::f21623,f21623,real,0,0.4026857018470764,1,0
HiDF,real::f21667,f21667,real,0,0.41238221526145935,1,0
HiDF,real::f21691,f21691,real,0,0.448713093996048,1,0
HiDF,real::f21925,f21925,real,0,0.4305363893508911,1,0
HiDF,real::f22088,f22088,real,0,0.4019812047481537,1,0
HiDF,real::f22100,f22100,real,0,0.4204508662223816,1,0
HiDF,real::f22118,f22118,real,0,0.4245312809944153,1,0
HiDF,real::f22353,f22353,real,0,0.40922078490257263,1,0
HiDF,real::f22458,f22458,real,0,0.4421396553516388,1,0
HiDF,real::f22478,f22478,real,0,0.42697852849960327,1,0
HiDF,real::f22655,f22655,real,0,0.3884730041027069,1,0
HiDF,real::f22697,f22697,real,0,0.4374329447746277,1,0
HiDF,real::f22990,f22990,real,0,0.41724181175231934,1,0
HiDF,real::f23006,f23006,real,0,0.40506625175476074,1,0
HiDF,real::f23007,f23007,real,0,0.4165889322757721,1,0
HiDF,real::f23067,f23067,real,0,0.4402286112308502,1,0
HiDF,real::f23095,f23095,real,0,0.430865615606308,1,0
HiDF,real::f23098,f23098,real,0,0.42951908707618713,1,0
HiDF,real::f23482,f23482,real,0,0.46863099932670593,1,0
HiDF,real::f23527,f23527,real,0,0.4336816668510437,1,0
HiDF,real::f23608,f23608,real,0,0.4131515324115753,1,0
HiDF,real::f23923,f23923,real,0,0.44210952520370483,1,0
HiDF,real::f23973,f23973,real,0,0.4222067892551422,1,0
HiDF,real::f24102,f24102,real,0,0.41273725032806396,1,0
HiDF,real::f24137,f24137,real,0,0.4323928952217102,1,0
HiDF,real::f24636,f24636,real,0,0.4119977355003357,1,0
HiDF,real::f24812,f24812,real,0,0.4393714666366577,1,0
HiDF,real::f24883,f24883,real,0,0.421432763338089,1,0
HiDF,real::f24964,f24964,real,0,0.4138324558734894,1,0
HiDF,real::f24968,f24968,real,0,0.4246803820133209,1,0
HiDF,real::f25265,f25265,real,0,0.4281437397003174,1,0
HiDF,real::f25276,f25276,real,0,0.43540632724761963,1,0
HiDF,real::f25437,f25437,real,0,0.46992313861846924,1,0
HiDF,real::f25664,f25664,real,0,0.4272473454475403,1,0
HiDF,real::f25686,f25686,real,0,0.4506917893886566,1,0
HiDF,real::f25744,f25744,real,0,0.4578941762447357,1,0
HiDF,real::f25777,f25777,real,0,0.4266201853752136,1,0
HiDF,real::f25828,f25828,real,0,0.45704585313796997,1,0
HiDF,real::f25838,f25838,real,0,0.4154323637485504,1,0
HiDF,real::f25867,f25867,real,0,0.43161413073539734,1,0
HiDF,real::f26230,f26230,real,0,0.460091769695282,1,0
HiDF,real::f26235,f26235,real,0,0.407274454832077,1,0
HiDF,real::f26243,f26243,real,0,0.4446853697299957,1,0
HiDF,real::f26510,f26510,real,0,0.402450829744339,1,0
HiDF,real::f26772,f26772,real,0,0.43880024552345276,1,0
HiDF,real::f26941,f26941,real,0,0.431853711605072,1,0
HiDF,real::f26954,f26954,real,0,0.4052427411079407,1,0
HiDF,real::f27090,f27090,real,0,0.4058018922805786,1,0
HiDF,real::f27183,f27183,real,0,0.4403940439224243,1,0
HiDF,real::f27213,f27213,real,0,0.4126189351081848,1,0
HiDF,real::f27243,f27243,real,0,0.4116429388523102,1,0
HiDF,real::f27583,f27583,real,0,0.4608347713947296,1,0
HiDF,real::f27729,f27729,real,0,0.4360816180706024,1,0
HiDF,real::f27764,f27764,real,0,0.4721282422542572,1,0
HiDF,real::f27854,f27854,real,0,0.43516626954078674,1,0
HiDF,real::f28259,f28259,real,0,0.41706374287605286,1,0
HiDF,real::f28631,f28631,real,0,0.42503833770751953,1,0
HiDF,real::f28670,f28670,real,0,0.4591822326183319,1,0
HiDF,real::f28772,f28772,real,0,0.4176277220249176,1,0
HiDF,real::f28825,f28825,real,0,0.41276684403419495,1,0
HiDF,real::f28861,f28861,real,0,0.43620169162750244,1,0
HiDF,real::f29647,f29647,real,0,0.48009780049324036,1,0
HiDF,real::f29728,f29728,real,0,0.4036549925804138,1,0
HiDF,real::f30106,f30106,real,0,0.42024266719818115,1,0
HiDF,real::f30124,f30124,real,0,0.43266257643699646,1,0
HiDF,real::f30578,f30578,real,0,0.3925696611404419,1,0
HiDF,real::f30653,f30653,real,0,0.44313347339630127,1,0
HiDF,real::f31007,f31007,real,0,0.4073334336280823,1,0
HiDF,real::f31061,f31061,real,0,0.41072672605514526,1,0
HiDF,real::f31202,f31202,real,0,0.42641115188598633,1,0
HiDF,real::f31357,f31357,real,0,0.4235772490501404,1,0
HiDF,real::f31524,f31524,real,0,0.4239349365234375,1,0
HiDF,real::f31737,f31737,real,0,0.42071861028671265,1,0
HiDF,real::f32305,f32305,real,0,0.48516902327537537,1,0
HiDF,real::f32390,f32390,real,0,0.42990800738334656,1,0
HiDF,real::f32745,f32745,real,0,0.4281437397003174,1,0
HiDF,real::f32810,f32810,real,0,0.4267396330833435,1,0
HiDF,real::f32896,f32896,real,0,0.4298182427883148,1,0
HiDF,real::f32922,f32922,real,0,0.3929772675037384,1,0
HiDF,real::f33041,f33041,real,0,0.4678559899330139,1,0
HiDF,real::f33295,f33295,real,0,0.466648131608963,1,0
HiDF,real::f33744,f33744,real,0,0.4196479618549347,1,0
HiDF,real::f33834,f33834,real,0,0.45840930938720703,1,0
HiDF,real::f33876,f33876,real,0,0.441040962934494,1,0
HiDF,real::f33918,f33918,real,0,0.4378986358642578,1,0
HiDF,real::f33969,f33969,real,0,0.4253963530063629,1,0
HiDF,real::f33970,f33970,real,0,0.4348662495613098,1,0
HiDF,real::f33973,f33973,real,0,0.41920205950737,1,0
HiDF,real::f33991,f33991,real,0,0.422028124332428,1,0
HiDF,real::f34024,f34024,real,0,0.37404730916023254,1,0
HiDF,real::f34273,f34273,real,0,0.4688742160797119,1,0
HiDF,real::f34465,f34465,real,0,0.4389655590057373,1,0
HiDF,real::f34671,f34671,real,0,0.40768706798553467,1,0
HiDF,real::f34815,f34815,real,0,0.48108431696891785,1,0
HiDF,real::f35032,f35032,real,0,0.4401233196258545,1,0
HiDF,real::f35260,f35260,real,0,0.4570912718772888,1,0
HiDF,real::f35425,f35425,real,0,0.41531381011009216,1,0
HiDF,real::f35429,f35429,real,0,0.4093979001045227,1,0
HiDF,real::f36538,f36538,real,0,0.4098111391067505,1,0
HiDF,real::f36884,f36884,real,0,0.4074217975139618,1,0
HiDF,real::f37252,f37252,real,0,0.4261125922203064,1,0
HiDF,real::f37323,f37323,real,0,0.413802832365036,1,0
HiDF,real::f37392,f37392,real,0,0.43744799494743347,1,0
HiDF,real::f37453,f37453,real,0,0.4327824115753174,1,0
HiDF,real::f37573,f37573,real,0,0.41730114817619324,1,0
HiDF,real::f37720,f37720,real,0,0.4373127818107605,1,0
HiDF,real::f37840,f37840,real,0,0.44305819272994995,1,0
HiDF,real::f37925,f37925,real,0,0.4258440136909485,1,0
HiDF,real::f38042,f38042,real,0,0.4440825581550598,1,0
HiDF,real::f38308,f38308,real,0,0.4186672270298004,1,0
HiDF,real::f38721,f38721,real,0,0.4415074288845062,1,0
HiDF,real::f38899,f38899,real,0,0.42036163806915283,1,0
HiDF,real::f39009,f39009,real,0,0.4262320101261139,1,0
HiDF,real::f39075,f39075,real,0,0.42605292797088623,1,0
HiDF,real::f39274,f39274,real,0,0.39137688279151917,1,0
HiDF,real::f39359,f39359,real,0,0.4492264986038208,1,0
HiDF,real::f39382,f39382,real,0,0.42324942350387573,1,0
HiDF,real::f39409,f39409,real,0,0.40450742840766907,1,0
HiDF,real::f39768,f39768,real,0,0.43477627635002136,1,0
HiDF,real::f39888,f39888,real,0,0.3834681212902069,1,0
HiDF,real::f40114,f40114,real,0,0.43477627635002136,1,0
HiDF,real::f40136,f40136,real,0,0.4441277086734772,1,0
HiDF,real::f40166,f40166,real,0,0.44146230816841125,1,0
HiDF,real::f40251,f40251,real,0,0.43419137597084045,1,0
HiDF,real::f40378,f40378,real,0,0.45541051030158997,1,0
HiDF,real::f40556,f40556,real,0,0.4214029610157013,1,0
HiDF,real::f40621,f40621,real,0,0.4174199104309082,1,0
HiDF,real::f40718,f40718,real,0,0.39899176359176636,1,0
HiDF,real::f40728,f40728,real,0,0.40380191802978516,1,0
HiDF,real::f40877,f40877,real,0,0.41179075837135315,1,0
HiDF,real::f41131,f41131,real,0,0.418221652507782,1,0
HiDF,real::f41140,f41140,real,0,0.4459215998649597,1,0
HiDF,real::f41174,f41174,real,0,0.4470227062702179,1,0
HiDF,real::f41220,f41220,real,0,0.42859211564064026,1,0
HiDF,real::f41517,f41517,real,0,0.4303867816925049,1,0
HiDF,real::f41697,f41697,real,0,0.41789495944976807,1,0
HiDF,real::f41734,f41734,real,0,0.44608747959136963,1,0
HiDF,real::f41793,f41793,real,0,0.4195587635040283,1,0
HiDF,real::f41812,f41812,real,0,0.4498306214809418,1,0
HiDF,real::f41830,f41830,real,0,0.43083569407463074,1,0
HiDF,real::f41839,f41839,real,0,0.41926151514053345,1,0
HiDF,real::f41932,f41932,real,0,0.418221652507782,1,0
HiDF,real::f55253,f55253,real,0,0.42241525650024414,1,0
HiDF,real::f55302,f55302,real,0,0.48194143176078796,1,0
HiDF,real::f55370,f55370,real,0,0.4356764256954193,1,0
HiDF,real::f55442,f55442,real,0,0.4359615743160248,1,0
HiDF,real::f55463,f55463,real,0,0.4214922785758972,1,0
HiDF,real::f55858,f55858,real,0,0.3927152752876282,1,0
HiDF,real::f55872,f55872,real,0,0.44750556349754333,1,0
HiDF,real::f55937,f55937,real,0,0.4011891782283783,1,0
HiDF,real::f55978,f55978,real,0,0.4443839490413666,1,0
HiDF,real::f55991,f55991,real,0,0.4244418144226074,1,0
